sk_fact,product_id,date_id,discounted_price,actual_price,rating,rating_count
1,B002PD61Y4,20260208,507.0,1208.0,4.1,8131
2,B002SZEOLG,20260208,749.0,1339.0,4.2,179692
3,B003B00484,20260208,399.0,499.0,4.3,27201
4,B003L62T7W,20260208,279.0,375.0,4.3,31534
5,B004IO5BMQ,20260208,699.0,995.0,4.5,54405
6,B005FYNT3G,20260208,289.0,650.0,4.3,253105
7,B005LJQMCK,20260208,416.0,599.0,4.2,30023
8,B005LJQMZC,20260208,486.0,1999.0,4.2,30023
9,B006LW0WDQ,20260208,399.0,795.0,4.4,12091
10,B0073QGKAS,20260208,1499.0,1499.0,4.3,9331
11,B0083T231O,20260208,1289.0,1499.0,4.5,20668
12,B0085IATT6,20260208,899.0,1800.0,4.1,22375
13,B0085W2MUQ,20260208,765.0,970.0,4.2,6055
14,B0088TKTY2,20260208,649.0,1399.0,4.2,179691
15,B008FWZGSG,20260208,599.0,599.0,4.3,355
16,B008IFXQFU,20260208,499.0,999.0,4.2,179691
17,B008LN8KDM,20260208,1849.0,2095.0,4.3,7681
18,B008P7IF02,20260208,4799.0,5795.0,3.9,3815
19,B008QS9J6Y,20260208,1990.0,2595.0,4.3,20398
20,B008QTK47Q,20260208,1614.0,1745.0,4.3,37974
21,B008YW3CYM,20260208,616.0,1190.0,4.1,37126
22,B008YW8M0G,20260208,775.0,875.0,4.2,46647
23,B00935MD1C,20260208,2719.0,3945.0,3.7,13406
24,B00935MGHS,20260208,1199.0,1795.0,4.2,5967
25,B009DA69W6,20260208,1699.0,1900.0,3.6,11456
26,B009LJ2BXA,20260208,649.0,999.0,3.5,7222
27,B009P2L7CO,20260208,1099.0,1920.0,4.2,9772
28,B009P2LIL4,20260208,2219.0,3080.0,3.6,468
29,B009P2LITG,20260208,2169.0,3279.0,4.1,1716
30,B009P2LK08,20260208,749.0,1129.0,4.0,2446
31,B009P2LK80,20260208,1409.0,1639.0,3.7,787
32,B009UORDX4,20260208,949.0,975.0,4.3,7223
33,B009VCGPSY,20260208,269.0,649.0,4.3,54315
34,B00A0VCJPI,20260208,1469.0,2499.0,4.2,156638
35,B00A328ENA,20260208,2976.0,3945.0,4.2,3740
36,B00A7PLVU6,20260208,753.0,899.0,4.2,18462
37,B00ABMASXG,20260208,539.0,720.0,4.1,36017
38,B00AXHBBXU,20260208,522.0,550.0,4.4,12179
39,B00B3VFJY2,20260208,980.0,980.0,4.2,4740
40,B00B7GKXMG,20260208,699.0,850.0,4.1,1106
41,B00BN5SNF0,20260208,250.0,250.0,3.9,13971
42,B00C3GBCIS,20260208,249.0,499.0,4.2,22860
43,B00CEQEGPI,20260208,1345.0,2295.0,4.2,17413
44,B00DJ5N9VK,20260208,150.0,150.0,4.3,15867
45,B00E3DVQFS,20260208,879.0,1109.0,4.4,31599
46,B00E9G8KOY,20260208,600.0,600.0,4.1,10907
47,B00EDJJ7FS,20260208,3229.0,5295.0,4.2,39724
48,B00EYW1U68,20260208,1599.0,3599.0,4.2,16182
49,B00F159RIK,20260208,499.0,625.0,4.2,5355
50,B00GE55L22,20260208,299.0,699.0,4.1,2957
51,B00GG59HU2,20260208,467.0,599.0,4.4,44054
52,B00GGGOYEK,20260208,259.0,699.0,3.8,2399
53,B00GGGOYEU,20260208,299.0,699.0,3.9,1454
54,B00GHL8VP2,20260208,3487.77,4990.0,4.1,1127
55,B00GZLB57U,20260208,238.0,699.0,4.4,8372
56,B00H0B29DI,20260208,2199.0,2990.0,3.8,1558
57,B00H3H03Q4,20260208,1130.0,1130.0,4.2,13250
58,B00H47GVGY,20260208,1199.0,1695.0,3.6,13300
59,B00HVXS7WC,20260208,1999.0,3210.0,4.2,41349
60,B00HZIOGXW,20260208,610.0,825.0,4.1,13165
61,B00J4YG0PC,20260208,561.0,720.0,4.4,3182
62,B00J5DYCCA,20260208,1399.0,1890.0,4.0,8031
63,B00JBNZPFM,20260208,6199.0,10999.0,4.2,10429
64,B00K32PEW4,20260208,535.0,535.0,4.4,4426
65,B00K57MR22,20260208,6120.0,8478.0,4.6,6550
66,B00KIDSU8S,20260208,1999.0,2360.0,4.2,7801
67,B00KIE28X0,20260208,310.0,310.0,4.5,5882
68,B00KRCBA6E,20260208,2499.0,5000.0,3.8,1889
69,B00KXULGJQ,20260208,1889.0,5499.0,4.2,49551
70,B00LHZW3XY,20260208,125.0,180.0,4.4,8053
71,B00LHZWD0C,20260208,252.0,315.0,4.5,3785
72,B00LM4W1N2,20260208,480.0,600.0,4.3,5719
73,B00LM4X0KU,20260208,100.0,100.0,4.3,3095
74,B00LM4X3XE,20260208,90.0,100.0,4.3,3061
75,B00LOD70SC,20260208,178.0,210.0,4.3,2450
76,B00LP9RFSU,20260208,825.0,825.0,4.0,3246
77,B00LUGTJGO,20260208,1399.0,1549.0,3.9,2602
78,B00LVMTA2A,20260208,225.0,250.0,4.4,26556
79,B00LXTFMRS,20260208,191.0,225.0,4.4,7203
80,B00LY12TH6,20260208,230.0,230.0,4.5,9427
81,B00LY17RHI,20260208,225.0,225.0,4.1,4798
82,B00LY1FN1K,20260208,200.0,230.0,4.4,10170
83,B00LZLPYHW,20260208,137.0,160.0,4.4,6537
84,B00LZLQ624,20260208,157.0,160.0,4.5,8618
85,B00LZPQVMK,20260208,272.0,320.0,4.0,3686
86,B00MFPCY5C,20260208,39.0,299.0,3.5,15233
87,B00MUTWLW4,20260208,2595.0,3295.0,4.4,22618
88,B00N1U7JXM,20260208,90.0,175.0,4.4,7429
89,B00N1U9AJS,20260208,130.0,165.0,3.9,14778
90,B00N3XLDW0,20260208,299.0,400.0,3.8,40895
91,B00NFD0ETQ,20260208,1995.0,2895.0,4.6,10760
92,B00NH11KIK,20260208,209.0,695.0,4.5,107687
93,B00NH11PEY,20260208,199.0,750.0,4.5,74976
94,B00NH12R1O,20260208,299.0,485.0,4.3,10911
95,B00NH13Q8W,20260208,299.0,800.0,4.5,74977
96,B00NM6MO26,20260208,2698.0,3945.0,4.0,15034
97,B00NNQMYNE,20260208,299.0,499.0,4.5,21010
98,B00NW4UWN6,20260208,1043.0,1345.0,3.8,15592
99,B00O24PUO6,20260208,1464.0,1650.0,4.1,14120
100,B00O2R38C4,20260208,999.0,1490.0,4.1,12999
101,B00OFM6PEO,20260208,299.0,799.0,4.3,1902
102,B00P0R95EA,20260208,510.0,640.0,4.1,7229
103,B00P93X0VO,20260208,114.0,120.0,4.2,8938
104,B00P93X2H6,20260208,67.0,75.0,4.1,1269
105,B00P93X6EK,20260208,157.0,160.0,4.5,4428
106,B00PVT30YI,20260208,292.0,499.0,4.1,4238
107,B00R1P3B4O,20260208,549.0,549.0,4.5,4875
108,B00RFWNJMC,20260208,195.0,499.0,3.7,1383
109,B00RGLI0ZS,20260208,449.0,599.0,4.0,3231
110,B00S2SEV7K,20260208,90.0,100.0,4.1,6199
111,B00S9BSJC8,20260208,6499.0,8995.0,4.3,2810
112,B00SH18114,20260208,160.0,299.0,4.6,2781
113,B00SMFPJG0,20260208,649.0,670.0,4.1,7786
114,B00SMJPA9C,20260208,499.0,940.0,4.1,3036
115,B00TDD0YM4,20260208,1490.0,1695.0,4.4,3543
116,B00TI8E7BI,20260208,2695.0,2695.0,4.4,2518
117,B00UGZWM2I,20260208,198.0,800.0,4.1,9344
118,B00URH5E34,20260208,39.0,39.0,3.6,13572
119,B00V4BGDKU,20260208,1099.0,1899.0,4.5,22420
120,B00V9NHDI4,20260208,2799.0,3799.0,3.9,32931
121,B00VA7YYUO,20260208,99.0,99.0,4.3,5036
122,B00W56GLOQ,20260208,2699.0,5000.0,4.0,26164
123,B00Y4ORQ46,20260208,745.0,795.0,4.0,13797
124,B00YMJ0OI8,20260208,2148.0,3645.0,4.1,31388
125,B00YQLG7GK,20260208,1695.0,1695.0,4.2,14290
126,B00ZRBWPA0,20260208,159.0,180.0,4.3,989
127,B00ZYLMQH0,20260208,549.0,1799.0,4.3,28829
128,B0116MIKKC,20260208,99.0,171.0,4.5,11339
129,B0117H7GZ6,20260208,249.0,399.0,3.4,4642
130,B0123P3PWE,20260208,999.0,1075.0,4.1,9275
131,B012ELCYUG,20260208,635.0,635.0,4.3,4570
132,B012MQS060,20260208,1295.0,1795.0,4.1,25771
133,B013B2WGT6,20260208,1099.0,1899.0,4.3,15276
134,B0141EZMAI,20260208,269.0,800.0,3.6,10134
135,B01486F4G6,20260208,2863.0,3690.0,4.3,6987
136,B0148NPH9I,20260208,2640.0,3195.0,4.5,16146
137,B014HDJ7ZE,20260208,5365.0,7445.0,3.9,3584
138,B014I8SSD0,20260208,309.0,475.0,4.4,426973
139,B014I8SX4Y,20260208,309.0,1400.0,4.4,426973
140,B014SZO90Y,20260208,266.0,315.0,4.5,28030
141,B014SZPBM4,20260208,380.0,400.0,4.4,2111
142,B015GX9Y0W,20260208,1199.0,2400.0,3.9,1202
143,B015OW3M1W,20260208,799.0,1700.0,4.1,28638
144,B015ZXUDD0,20260208,479.0,599.0,4.3,11687
145,B0162K34H2,20260208,849.0,999.0,4.1,6736
146,B0162LYSFS,20260208,799.0,1749.0,4.1,5626
147,B016MDK4F4,20260208,185.0,499.0,4.2,25
148,B016XVRKZM,20260208,3299.0,4100.0,3.9,15783
149,B017NC2IPM,20260208,1799.0,2911.0,4.3,20342
150,B017PDR9N0,20260208,149.0,499.0,4.1,25607
151,B0187F2IOK,20260208,1499.0,2199.0,4.4,6531
152,B0188KPKB2,20260208,3599.0,9455.0,4.1,11828
153,B01892MIPA,20260208,7349.0,10900.0,4.2,11957
154,B018SJJ0GE,20260208,1999.0,2999.0,4.4,388
155,B01C8P29N0,20260208,625.0,1400.0,4.2,23316
156,B01C8P29T4,20260208,599.0,785.0,4.2,24247
157,B01CS4A5V4,20260208,699.0,1690.0,4.1,3524
158,B01D5H8LDM,20260208,489.0,1200.0,4.4,69538
159,B01D5H8ZI8,20260208,229.0,595.0,4.3,12835
160,B01D5H90L4,20260208,299.0,700.0,4.4,8714
161,B01DEWVZ2C,20260208,599.0,999.0,4.1,192590
162,B01DF26V7A,20260208,599.0,1299.0,4.1,192589
163,B01DGVKBC6,20260208,287.0,499.0,4.4,8076
164,B01DJJVFPC,20260208,269.0,315.0,4.5,17810
165,B01EJ5MM5M,20260208,3498.0,3875.0,3.4,12185
166,B01EY310UM,20260208,1321.0,1545.0,4.3,15453
167,B01EZ0X3L8,20260208,729.0,1650.0,4.3,82356
168,B01F25X6RQ,20260208,499.0,499.0,4.2,31539
169,B01F262EUU,20260208,949.0,999.0,4.2,31539
170,B01F7B2JCI,20260208,184.0,450.0,4.2,4971
171,B01FSYQ2A4,20260208,1399.0,2990.0,4.1,97175
172,B01GFTEV5Y,20260208,1699.0,3193.0,3.8,54032
173,B01GGKYKQM,20260208,219.0,700.0,4.3,20053
174,B01GGKZ0V6,20260208,329.0,845.0,4.2,29746
175,B01GGKZ4NU,20260208,549.0,995.0,4.2,29746
176,B01GZSQJPA,20260208,3699.0,4295.0,4.1,26543
177,B01HGCLUH6,20260208,1149.0,1699.0,4.2,122478
178,B01HJI0FS2,20260208,299.0,650.0,4.5,33176
179,B01I1LDZGA,20260208,1499.0,1775.0,3.9,14667
180,B01IBRHE3E,20260208,299.0,499.0,4.2,24432
181,B01IOZUHRS,20260208,179.0,499.0,4.1,10174
182,B01J0XWYKQ,20260208,599.0,895.0,4.4,61314
183,B01J1CFO5I,20260208,299.0,550.0,4.6,33434
184,B01J8S6X2I,20260208,499.0,1100.0,4.4,25177
185,B01JOFKL0A,20260208,5299.0,6355.0,3.9,8280
186,B01KCSGBU2,20260208,14499.0,23559.0,4.3,2026
187,B01KK0HU3Y,20260208,899.0,1499.0,4.2,23174
188,B01L6MT7E0,20260208,8799.0,11995.0,4.1,4157
189,B01L7C4IU2,20260208,2199.0,3045.0,4.2,2686
190,B01L8ZNWN2,20260208,475.0,1500.0,4.2,64273
191,B01LONQBDG,20260208,349.0,899.0,4.1,14896
192,B01LWYDEQ7,20260208,199.0,495.0,4.1,270563
193,B01LY9W8AF,20260208,998.06,1282.0,4.2,7274
194,B01LYLJ99X,20260208,449.0,1300.0,4.2,4959
195,B01LYU3BZF,20260208,2199.0,3190.0,4.3,9650
196,B01M0505SJ,20260208,1400.0,2485.0,4.1,19998
197,B01M265AAK,20260208,3711.0,4495.0,4.3,356
198,B01M4GGIVU,20260208,199.0,699.0,4.2,12153
199,B01M5967SY,20260208,379.0,999.0,4.2,12153
200,B01M5B0TPW,20260208,1819.0,2490.0,4.4,7946
201,B01M5F614J,20260208,6549.0,13999.0,4.0,2961
202,B01M6453MB,20260208,2280.0,3045.0,4.1,4118
203,B01M69WCZ6,20260208,2249.0,3550.0,4.0,3973
204,B01M72LILF,20260208,799.0,1295.0,4.4,34852
205,B01MF8MB65,20260208,699.0,999.0,4.1,273189
206,B01MQ2A86A,20260208,1295.0,1645.0,4.6,12375
207,B01MQZ7J8K,20260208,749.0,1445.0,3.9,63350
208,B01MRARGBW,20260208,199.0,400.0,4.1,1379
209,B01MUAUOCX,20260208,688.0,747.0,4.5,2280
210,B01MY839VW,20260208,549.0,1090.0,4.2,13029
211,B01N1XVVLC,20260208,9590.0,15999.0,4.1,1017
212,B01N4EV2TL,20260208,1495.0,1995.0,4.3,7241
213,B01N6IJG0F,20260208,559.0,1010.0,4.1,17325
214,B01N6LU1VF,20260208,579.0,1400.0,4.3,189104
215,B01N90RZ4M,20260208,230.0,499.0,3.7,2960
216,B01NBX5RSB,20260208,770.0,1547.0,4.3,2585
217,B01NCVJMKX,20260208,499.0,999.0,4.1,4859
218,B06XDKWLJH,20260208,4449.0,5734.0,4.4,25006
219,B06XFTHCNY,20260208,439.0,758.0,4.2,4296
220,B06XGWRKYT,20260208,7999.0,15999.0,3.8,3022
221,B06XMZV7RH,20260208,308.0,499.0,3.9,4584
222,B06XPYRWV5,20260208,1099.0,1795.0,4.2,4244
223,B06XR9PR5X,20260208,209.0,600.0,4.4,18872
224,B06XSK3XL6,20260208,571.0,999.0,4.3,38221
225,B06Y36JKC3,20260208,149.0,300.0,4.1,4074
226,B071113J7M,20260208,5890.0,7506.0,4.5,7241
227,B0711PVX6Z,20260208,179.0,500.0,4.2,92595
228,B0718ZN31Q,20260208,598.0,4999.0,4.2,910
229,B071R3LHFM,20260208,2899.0,5500.0,3.8,8958
230,B071SDRGWL,20260208,349.0,699.0,4.3,20850
231,B071VMP1Z4,20260208,399.0,399.0,3.9,1951
232,B071VNHMX2,20260208,2095.0,2095.0,4.5,7949
233,B071Z8M4KX,20260208,365.0,999.0,4.1,363711
234,B07222HQKP,20260208,657.0,999.0,4.3,13944
235,B07232M876,20260208,199.0,395.0,4.2,92595
236,B072J83V9W,20260208,8999.0,9995.0,4.4,17994
237,B072NCN9M4,20260208,8886.0,11850.0,4.2,3065
238,B073BRXPZX,20260208,289.0,590.0,4.4,25886
239,B0746JGVDS,20260208,349.0,999.0,3.9,46399
240,B0746N6WML,20260208,341.0,450.0,4.3,2493
241,B0747VDH9L,20260208,2742.0,3995.0,4.4,11148
242,B074CWD7MS,20260208,1549.0,2495.0,4.4,15137
243,B0752LL57V,20260208,440.0,440.0,4.5,8610
244,B0756CLQWL,20260208,1699.0,3999.0,4.2,25488
245,B0756K5DYZ,20260208,3249.0,6295.0,3.9,43070
246,B0756KCV5K,20260208,3180.0,5295.0,4.2,6919
247,B0758F7KK7,20260208,399.0,999.0,4.0,1236
248,B0759QMF85,20260208,1529.0,2399.0,4.3,68409
249,B075DB1F13,20260208,1500.0,1500.0,4.4,25996
250,B075JJ5NQC,20260208,3199.0,4999.0,4.0,20869
251,B075K76YW1,20260208,979.0,1395.0,4.2,15252
252,B075S9FVRY,20260208,5490.0,7200.0,4.5,1408
253,B075TJHWVC,20260208,917.0,2299.0,4.2,3300
254,B075ZTJ9XR,20260208,269.0,650.0,4.4,35877
255,B0762HXMTF,20260208,1799.0,1950.0,3.9,1888
256,B0763K5HLQ,20260208,1099.0,1499.0,4.1,4401
257,B0765B3TH7,20260208,199.0,599.0,4.5,13568
258,B076B8G5D8,20260208,798.0,1995.0,4.0,68664
259,B076VQS87V,20260208,457.0,799.0,4.3,1868
260,B077BTLQ67,20260208,2790.0,4890.0,3.9,588
261,B077T3BG5L,20260208,329.0,399.0,3.6,33735
262,B077Z65HSD,20260208,299.0,999.0,4.3,20850
263,B0789LZTCJ,20260208,299.0,799.0,4.2,94364
264,B078G6ZF5Z,20260208,699.0,1199.0,4.0,14404
265,B078HG2ZPS,20260208,3657.66,5156.0,3.9,12837
266,B078HRR1XV,20260208,3303.0,4699.0,4.4,13544
267,B078JBK4GX,20260208,2599.0,4560.0,4.4,646
268,B078JDNZJ8,20260208,3600.0,6190.0,4.3,11924
269,B078JF6X9B,20260208,3645.0,6070.0,4.2,561
270,B078JT7LTD,20260208,6120.0,8073.0,4.6,2751
271,B078KRFWQB,20260208,2499.0,3945.0,3.8,2732
272,B078V8R9BS,20260208,749.0,1111.0,4.2,35693
273,B078W65FJ7,20260208,849.0,2490.0,4.2,91188
274,B078WB1VWJ,20260208,1110.0,1599.0,4.3,4022
275,B078XFKBZL,20260208,600.0,640.0,3.8,2593
276,B07924P3C5,20260208,299.0,799.0,4.2,2117
277,B07966M8XH,20260208,1599.0,2999.0,4.2,2727
278,B07989VV5K,20260208,999.0,1560.0,3.6,4881
279,B0798PJPCL,20260208,1889.0,2699.0,4.3,17394
280,B079S811J3,20260208,1990.0,2999.0,4.3,14237
281,B079Y6JZC8,20260208,139.0,299.0,3.8,3044
282,B07B275VN9,20260208,179.0,799.0,3.7,2201
283,B07B5XJ572,20260208,1456.0,3190.0,4.1,1776
284,B07B88KQZ8,20260208,1999.0,2999.0,4.3,63899
285,B07BKSSDR2,20260208,899.0,1900.0,4.0,3663
286,B07BRKK9JQ,20260208,1299.0,1599.0,4.3,27223
287,B07CD2BN46,20260208,429.0,599.0,4.1,119466
288,B07CRL2GY6,20260208,299.0,799.0,4.2,94363
289,B07CVR2L5K,20260208,1656.0,2695.0,4.4,6027
290,B07CWDX49D,20260208,649.0,1600.0,4.3,5451
291,B07CWNJLPC,20260208,499.0,1200.0,4.3,5451
292,B07D2NMTTV,20260208,3199.0,3500.0,4.2,1899
293,B07D8VBYB4,20260208,5865.0,7776.0,4.4,2737
294,B07DC4RZPY,20260208,709.0,1999.0,4.1,178817
295,B07DFYJRQV,20260208,799.0,1499.0,4.1,53648
296,B07DGD4Z4C,20260208,3499.0,5795.0,3.9,25340
297,B07DJ5KYDZ,20260208,1249.0,2796.0,4.4,4598
298,B07DJLFMPS,20260208,369.0,1600.0,4.0,32625
299,B07DKZCZ89,20260208,119.0,499.0,4.3,15032
300,B07DL1KC3H,20260208,299.0,899.0,4.0,1588
301,B07DWFX9YS,20260208,789.0,1999.0,4.2,34540
302,B07DXRGWDJ,20260208,4280.0,5995.0,3.8,2112
303,B07DZ986Q2,20260208,7799.0,8995.0,4.0,3160
304,B07F1P8KNV,20260208,325.0,1099.0,4.2,10576
305,B07F1T31ZZ,20260208,249.0,400.0,4.1,693
306,B07F366Z51,20260208,949.0,2385.0,4.1,2311
307,B07F6GXNPB,20260208,253.0,500.0,4.3,2664
308,B07FJNNZCJ,20260208,8699.0,13049.0,4.3,5891
309,B07FL3WRX5,20260208,3299.0,6500.0,3.7,11217
310,B07FXLC2G2,20260208,698.0,699.0,4.2,3160
311,B07G147SZD,20260208,2699.0,3799.0,4.0,727
312,B07G3YNLJB,20260208,1815.0,3100.0,4.5,92925
313,B07GLNJC25,20260208,330.0,499.0,3.7,8566
314,B07GLS2563,20260208,1199.0,1899.0,4.2,3858
315,B07GLSKXS1,20260208,1199.0,1950.0,3.9,2832
316,B07GMFY9QM,20260208,379.0,999.0,4.3,3096
317,B07GNC2592,20260208,599.0,999.0,4.0,18654
318,B07GPXXNNG,20260208,349.0,999.0,4.1,363713
319,B07GQD4K6L,20260208,379.0,999.0,4.1,363713
320,B07GVGTSLN,20260208,325.0,1299.0,4.2,10576
321,B07GVR9TG7,20260208,2499.0,4999.0,4.4,35024
322,B07GWTWFS2,20260208,1699.0,1975.0,4.1,4716
323,B07GXHC691,20260208,99.0,499.0,4.3,42641
324,B07GXPDLYQ,20260208,249.0,499.0,3.3,8427
325,B07H1S7XW8,20260208,89.0,499.0,4.1,9340
326,B07H3N8RJH,20260208,3799.0,6000.0,4.2,11935
327,B07H3WDC4X,20260208,349.0,999.0,4.0,15646
328,B07H5PBN54,20260208,999.0,2600.0,3.4,252
329,B07H8W9PB6,20260208,175.0,499.0,4.1,21
330,B07HK53XM4,20260208,279.0,599.0,3.5,1367
331,B07HZ2QCGR,20260208,350.0,599.0,3.9,8314
332,B07J2BQZD6,20260208,199.0,399.0,3.7,7945
333,B07J2NGB69,20260208,629.0,1390.0,4.4,6301
334,B07J9KXQCC,20260208,949.0,2299.0,3.6,550
335,B07JB2Y4SR,20260208,90.0,100.0,4.4,10718
336,B07JF9B592,20260208,478.0,699.0,3.8,20218
337,B07JGCGNDG,20260208,6800.0,11500.0,4.1,10308
338,B07JGDB5M1,20260208,449.0,1299.0,4.2,24269
339,B07JH1C41D,20260208,649.0,1999.0,4.2,24269
340,B07JH1CBGW,20260208,649.0,1999.0,4.2,24269
341,B07JJFSG2B,20260208,889.0,2500.0,4.3,55747
342,B07JNVF678,20260208,349.0,999.0,4.2,13120
343,B07JPJJZ2H,20260208,399.0,1299.0,4.2,13120
344,B07JPX9CR7,20260208,569.0,1299.0,4.4,9275
345,B07JQKQ91F,20260208,499.0,999.0,3.9,92995
346,B07JW1Y6XV,20260208,399.0,1099.0,4.2,24269
347,B07JW9H4J1,20260208,399.0,1099.0,4.2,24270
348,B07JZSG42Y,20260208,1928.0,2590.0,4.0,2377
349,B07K19NYZ8,20260208,2320.0,3290.0,3.8,195
350,B07K2HVKLL,20260208,640.0,1020.0,4.1,5059
351,B07KCMR8D6,20260208,50.0,50.0,4.3,5792
352,B07KKJPTWB,20260208,1599.0,1999.0,4.4,1558
353,B07KNM95JK,20260208,598.0,1150.0,4.1,2535
354,B07KR5P3YD,20260208,448.0,699.0,3.9,17348
355,B07KRCW6LZ,20260208,999.0,1599.0,4.3,12093
356,B07KSB1MLX,20260208,1089.0,1600.0,4.0,3565
357,B07KSMBL2H,20260208,219.0,700.0,4.4,426973
358,B07KY3FNQP,20260208,449.0,1290.0,4.1,91770
359,B07L1N3TJX,20260208,1699.0,3499.0,3.6,7689
360,B07L3NDN24,20260208,499.0,799.0,3.9,6742
361,B07L5L4GTB,20260208,309.0,404.0,4.4,8614
362,B07L8KNP5F,20260208,599.0,1399.0,3.8,60026
363,B07L9FW9GF,20260208,149.0,249.0,4.0,5057
364,B07LDN9Q2P,20260208,889.0,1295.0,4.3,6400
365,B07LDPLSZC,20260208,849.0,1190.0,4.2,4184
366,B07LFQLKFZ,20260208,420.0,420.0,4.2,1926
367,B07LFWP97N,20260208,269.0,1099.0,4.1,1092
368,B07LG59NPV,20260208,899.0,4499.0,3.8,103052
369,B07LG96SDB,20260208,335.0,510.0,3.8,3195
370,B07LGT55SJ,20260208,399.0,1099.0,4.2,24269
371,B07M69276N,20260208,1399.0,2499.0,4.4,23169
372,B07MDRGHWQ,20260208,5699.0,11000.0,4.2,4003
373,B07MKFNHKG,20260208,6999.0,12999.0,4.2,4003
374,B07MKMFKPG,20260208,6999.0,10590.0,4.4,11499
375,B07MP21WJD,20260208,245.0,299.0,4.1,1660
376,B07MSLTW8Z,20260208,549.0,1999.0,3.6,6422
377,B07N2MGB3G,20260208,1699.0,1999.0,4.1,8873
378,B07N42JB4S,20260208,799.0,3990.0,4.3,27139
379,B07N8RQ6W7,20260208,134.0,699.0,4.1,16685
380,B07NC12T2R,20260208,1799.0,4990.0,4.2,41226
381,B07NCKMXVZ,20260208,455.0,999.0,4.1,3578
382,B07NKNBTT3,20260208,799.0,1230.0,4.1,2138
383,B07NPBG1B4,20260208,1982.84,3300.0,4.1,5873
384,B07NRTCDS5,20260208,1199.0,1499.0,3.8,2206
385,B07NTKGW45,20260208,397.0,899.0,4.0,3025
386,B07P1BR7L8,20260208,8599.0,8995.0,4.4,9734
387,B07P434WJY,20260208,549.0,1999.0,4.3,1367
388,B07P681N66,20260208,1199.0,2199.0,4.4,24780
389,B07PFJ5VQD,20260208,159.0,595.0,4.3,14184
390,B07PFJ5W31,20260208,139.0,495.0,4.3,14185
391,B07PLHTTB4,20260208,100.0,499.0,3.5,9638
392,B07PR1CL3S,20260208,1220.0,3990.0,4.1,107151
393,B07Q4NJQC5,20260208,295.0,599.0,4.0,1644
394,B07Q4QV1DL,20260208,269.0,1499.0,4.5,28978
395,B07Q7561HD,20260208,149.0,180.0,4.4,644
396,B07QCWY5XV,20260208,599.0,1399.0,4.1,14560
397,B07QDSN9V6,20260208,699.0,1595.0,4.1,8090
398,B07QHHCB27,20260208,1499.0,2100.0,4.1,6355
399,B07QMRHWJD,20260208,298.0,999.0,4.3,1552
400,B07QZ3CZ48,20260208,399.0,1290.0,4.2,206
401,B07R679HTT,20260208,12609.0,23999.0,4.4,2288
402,B07R99NBVB,20260208,249.0,599.0,4.5,5985
403,B07RCGTZ4M,20260208,6236.0,9999.0,4.1,3552
404,B07RD611Z8,20260208,1799.0,2499.0,4.1,18678
405,B07RX14W1Q,20260208,499.0,900.0,4.4,2165
406,B07RX42D3D,20260208,260.0,350.0,3.9,13127
407,B07RY2X9MP,20260208,609.0,1500.0,4.5,1029
408,B07RZZ1QSW,20260208,326.0,799.0,4.4,10773
409,B07S7DCJKS,20260208,199.0,499.0,4.3,9998
410,B07S851WX5,20260208,1299.0,1299.0,4.2,40106
411,B07S9M8YTY,20260208,717.0,1390.0,4.0,4867
412,B07S9S86BF,20260208,599.0,1490.0,4.1,161679
413,B07SBGFDX9,20260208,120.0,120.0,4.1,4308
414,B07SLMR1K6,20260208,519.0,1350.0,4.3,30058
415,B07SLNG3LW,20260208,3859.0,10295.0,3.9,8095
416,B07SPVMSC6,20260208,1399.0,2660.0,4.1,9349
417,B07SRM58TP,20260208,1665.0,2099.0,4.0,14368
418,B07SY4C3TD,20260208,596.0,723.0,4.4,3219
419,B07SYYVP69,20260208,809.0,1950.0,3.9,710
420,B07T4D9FNY,20260208,664.0,1490.0,4.0,2198
421,B07T5DKR5D,20260208,149.0,399.0,3.5,21764
422,B07T9FV9YP,20260208,749.0,1799.0,4.0,13199
423,B07TC9F7PN,20260208,8699.0,16899.0,4.2,3195
424,B07TCN5VR9,20260208,329.0,999.0,3.9,77027
425,B07TMCXRFV,20260208,1234.0,1599.0,4.5,16680
426,B07TR5HSR9,20260208,656.0,1499.0,4.3,25903
427,B07TTSS5MP,20260208,1799.0,3299.0,3.8,1846
428,B07TXCY3YK,20260208,2237.81,3899.0,3.9,11004
429,B07V5YF4ND,20260208,299.0,1199.0,3.5,466
430,B07V82W5CN,20260208,1349.0,2198.0,4.0,7113
431,B07VJ9ZTXS,20260208,299.0,599.0,4.0,171
432,B07VNFP3C2,20260208,749.0,1245.0,3.9,31783
433,B07VQGVL68,20260208,293.0,499.0,3.9,44994
434,B07VSG5SXZ,20260208,637.0,1499.0,4.1,24
435,B07VTFN6HM,20260208,5599.0,7350.0,4.4,73005
436,B07VV37FT4,20260208,250.0,250.0,4.2,2628
437,B07VVXJ2P5,20260208,96.0,399.0,3.6,1796
438,B07VX71FZP,20260208,1199.0,2000.0,4.0,18543
439,B07VZH6ZBB,20260208,7799.0,12500.0,4.0,5160
440,B07VZYMQNZ,20260208,1180.0,1440.0,4.2,1527
441,B07W14CHV8,20260208,199.0,799.0,4.1,7333
442,B07W4HTS8Q,20260208,1899.0,3790.0,3.8,3842
443,B07W6VWZ8C,20260208,899.0,1999.0,4.1,30469
444,B07W7Z6DVL,20260208,1499.0,2999.0,4.1,25262
445,B07W9KYT62,20260208,2499.0,3999.0,4.4,12679
446,B07WDK3ZS2,20260208,20999.0,29990.0,4.3,9499
447,B07WDK3ZS6,20260208,15499.0,18999.0,4.1,19252
448,B07WDKLDRX,20260208,28999.0,34999.0,4.4,20311
449,B07WDKLRM4,20260208,13999.0,19999.0,4.1,19252
450,B07WFPMGQQ,20260208,19999.0,27990.0,4.3,9499
451,B07WG8PDCW,20260208,349.0,1299.0,4.0,14283
452,B07WGMMQGP,20260208,16499.0,20999.0,4.0,21350
453,B07WGPBXY9,20260208,899.0,1249.0,3.9,17424
454,B07WGPKMP5,20260208,15499.0,20999.0,4.1,19253
455,B07WGPKTS4,20260208,13999.0,19999.0,4.1,19252
456,B07WHQBZLS,20260208,17999.0,21990.0,4.0,21350
457,B07WHQWXL7,20260208,15499.0,20999.0,4.1,19252
458,B07WHS7MZ1,20260208,29990.0,39990.0,4.3,8399
459,B07WHSJXLF,20260208,20999.0,29990.0,4.3,9499
460,B07WJV6P1R,20260208,15499.0,18999.0,4.1,19252
461,B07WJWRNVK,20260208,16499.0,20990.0,4.0,21350
462,B07WJXCTG9,20260208,699.0,1345.0,3.9,8446
463,B07WKB69RS,20260208,2088.0,5550.0,4.0,5292
464,B07WKBD37W,20260208,425.0,999.0,4.0,2581
465,B07WMS7TWB,20260208,649.0,1245.0,3.9,123365
466,B07WNK1FFN,20260208,1260.0,1699.0,4.2,2891
467,B07WVQG8WZ,20260208,3299.0,4995.0,3.8,1393
468,B07X2L5Z8C,20260208,1490.0,2295.0,4.6,10652
469,B07X963JNS,20260208,900.0,2499.0,4.0,36384
470,B07XCM6T4N,20260208,349.0,1499.0,4.3,24791
471,B07XJWTYM2,20260208,1679.0,1999.0,4.1,72563
472,B07XJYYH7L,20260208,333.0,999.0,3.3,9792
473,B07XLCFSSN,20260208,899.0,1900.0,4.4,13552
474,B07XLML2YS,20260208,2499.0,3299.0,4.2,93112
475,B07Y1RCCW5,20260208,1190.0,2550.0,3.8,1181
476,B07Y5FDPKV,20260208,1745.0,2400.0,4.2,14160
477,B07Y9PY6Y1,20260208,6525.0,8820.0,4.5,5137
478,B07YC8JHMB,20260208,8199.0,16000.0,3.9,18497
479,B07YCBSCYB,20260208,1999.0,3300.0,4.2,780
480,B07YFWVRCM,20260208,2299.0,7500.0,4.1,5554
481,B07YL54NVJ,20260208,549.0,999.0,4.3,7758
482,B07YNHCW6N,20260208,549.0,2499.0,4.3,5556
483,B07YNTJ8ZM,20260208,549.0,999.0,3.9,64705
484,B07YQ5SN4H,20260208,299.0,595.0,4.0,314
485,B07YR26BJ3,20260208,1199.0,2000.0,4.0,14030
486,B07YSJ7FF1,20260208,645.0,1100.0,4.0,3271
487,B07YTNKVJQ,20260208,499.0,1299.0,4.3,30411
488,B07YWS9SP9,20260208,599.0,999.0,4.0,7601
489,B07YY1BY5B,20260208,1499.0,4999.0,4.0,92588
490,B07YZG8PPY,20260208,1249.0,2299.0,4.3,7636
491,B07Z1X6VFC,20260208,449.0,999.0,4.4,9940
492,B07Z1YVP72,20260208,449.0,999.0,4.3,11330
493,B07Z1Z77ZZ,20260208,449.0,999.0,4.3,9701
494,B07Z3K96FR,20260208,399.0,1499.0,4.1,5730
495,B07Z51CGGH,20260208,5499.0,9999.0,3.8,4353
496,B07Z53L5QL,20260208,549.0,1499.0,4.3,11006
497,B07ZJND9B9,20260208,1099.0,1990.0,3.9,5911
498,B07ZKD8T1Q,20260208,1499.0,2999.0,4.5,8656
499,B07ZR4S1G4,20260208,239.0,699.0,4.4,2640
500,B0811VCGL5,20260208,9970.0,12999.0,4.3,4049
501,B0814LP6S9,20260208,351.0,1099.0,3.7,1470
502,B0814P4L98,20260208,351.0,999.0,4.0,5380
503,B0814ZY6FP,20260208,899.0,1199.0,3.8,10751
504,B0819HZPXL,20260208,399.0,549.0,4.4,18139
505,B0819ZZK5K,20260208,1109.0,2800.0,4.3,53464
506,B081B1JL35,20260208,1049.0,2499.0,3.7,638
507,B081FG1QYX,20260208,339.0,999.0,4.3,6255
508,B081FJWN52,20260208,339.0,999.0,4.3,6255
509,B081NHWT6Z,20260208,299.0,1199.0,3.9,1193
510,B081RLM75M,20260208,369.0,599.0,3.9,82
511,B08235JZFB,20260208,850.0,1000.0,4.1,7619
512,B08243SKCK,20260208,189.0,299.0,4.2,2737
513,B082FTPRSK,20260208,999.0,1999.0,4.2,27441
514,B082KVTRW8,20260208,1199.0,1900.0,4.0,1765
515,B082LSVT4B,20260208,249.0,399.0,4.0,43994
516,B082LZGK39,20260208,199.0,299.0,4.0,43994
517,B082T6GVG9,20260208,689.0,1500.0,4.2,42301
518,B082T6GVLJ,20260208,849.0,1809.0,4.3,6547
519,B082T6GXS5,20260208,999.0,2100.0,4.5,5492
520,B082T6V3DT,20260208,799.0,2100.0,4.3,8188
521,B082ZQ4479,20260208,3710.0,4330.0,3.7,1662
522,B0832W3B7Q,20260208,1799.0,3595.0,3.8,9791
523,B083342NKJ,20260208,349.0,399.0,4.4,18757
524,B0836JGZ74,20260208,1049.0,2499.0,3.6,328
525,B083GKDRKR,20260208,1625.0,2995.0,4.5,23484
526,B083GQGT3Z,20260208,399.0,799.0,4.1,1161
527,B083J64CBB,20260208,199.0,499.0,4.0,10234
528,B083M7WPZD,20260208,3199.0,5999.0,4.0,3242
529,B083P71WKK,20260208,799.0,1500.0,4.3,9695
530,B083RC4WFJ,20260208,320.0,799.0,4.2,3846
531,B083RCTXLL,20260208,681.0,1199.0,4.2,8258
532,B083RD1J99,20260208,328.0,399.0,4.1,3441
533,B083T5G5PM,20260208,1490.0,1990.0,4.1,98250
534,B0841KQR1Z,20260208,299.0,999.0,3.8,928
535,B08444S68L,20260208,12490.0,15990.0,4.2,58506
536,B08461VC1Z,20260208,999.0,1995.0,4.5,7317
537,B0846D5CBP,20260208,1295.0,1295.0,4.5,5760
538,B084872DQY,20260208,14999.0,14999.0,4.3,27508
539,B08497Z1MQ,20260208,599.0,700.0,4.3,2301
540,B08498D67S,20260208,1149.0,1800.0,4.3,4723
541,B08498H13H,20260208,1519.0,3499.0,4.3,408
542,B084BR3QX8,20260208,149.0,999.0,3.5,2523
543,B084DTMYWK,20260208,329.0,999.0,4.2,3492
544,B084MZXJN6,20260208,999.0,1699.0,4.4,7318
545,B084MZXJNK,20260208,1599.0,1999.0,4.4,1951
546,B084MZYBTV,20260208,599.0,849.0,4.5,474
547,B084N133Y7,20260208,1499.0,1999.0,4.4,1951
548,B084N18QZY,20260208,599.0,849.0,4.5,577
549,B084N1BM9L,20260208,1299.0,1999.0,4.4,7318
550,B084PJSSQ1,20260208,1299.0,3000.0,4.3,23022
551,B085194JFL,20260208,279.0,499.0,3.7,10962
552,B0856HNMR7,20260208,1199.0,2499.0,4.0,33584
553,B0856HY85J,20260208,1799.0,4999.0,4.1,55192
554,B0859M539M,20260208,1699.0,2999.0,4.4,24780
555,B085CZ3SR1,20260208,499.0,599.0,4.2,21916
556,B085DTN6R2,20260208,350.0,899.0,4.2,2263
557,B085HY1DGR,20260208,99.0,999.0,4.0,1396
558,B085LPT5F4,20260208,1649.0,2800.0,3.9,2162
559,B085W8CFLH,20260208,599.0,1800.0,3.5,83996
560,B086199CWG,20260208,3349.0,4799.0,3.7,4200
561,B086394NY5,20260208,1399.0,2490.0,4.3,11074
562,B086GVRP63,20260208,1189.0,2400.0,4.1,618
563,B086JTMRYL,20260208,1519.0,1899.0,4.4,19763
564,B086PXQ2R4,20260208,165.0,165.0,4.5,1674
565,B086Q3QMFS,20260208,120.0,120.0,4.5,4951
566,B086WMSCN3,20260208,1199.0,5999.0,3.9,47521
567,B086X18Q71,20260208,9799.0,12150.0,4.3,13251
568,B0873L7J6X,20260208,1499.0,3999.0,4.2,42775
569,B087FXHB6J,20260208,699.0,999.0,3.5,15295
570,B087JWLZ2K,20260208,24499.0,50000.0,3.9,3518
571,B0883KDSXC,20260208,599.0,990.0,3.9,16166
572,B0883LQJ6B,20260208,1199.0,1690.0,4.2,4580
573,B088GXTJM3,20260208,699.0,1299.0,4.3,6183
574,B088WCFPQF,20260208,1099.0,1500.0,4.5,1065
575,B088Z1YWBC,20260208,9490.0,15990.0,3.9,10480
576,B088ZFJY82,20260208,314.0,1499.0,4.5,28978
577,B088ZTJT2R,20260208,719.0,1295.0,4.2,17218
578,B089BDBDGM,20260208,219.0,249.0,4.0,1108
579,B089WB69Y1,20260208,249.0,649.0,4.0,14404
580,B08B42LWKN,20260208,14999.0,19999.0,4.2,34899
581,B08B6XWQ1C,20260208,349.0,995.0,4.2,6676
582,B08BCKN299,20260208,120.0,999.0,3.9,6491
583,B08BG4M4N7,20260208,199.0,499.0,3.8,538
584,B08BJN4MP3,20260208,13999.0,24850.0,4.4,8948
585,B08BQ947H3,20260208,149.0,149.0,4.3,10833
586,B08C4Z69LN,20260208,1792.0,3500.0,4.5,26194
587,B08C7TYHPB,20260208,664.0,1490.0,4.1,925
588,B08CDKQ8T6,20260208,154.0,349.0,4.3,7064
589,B08CF3B7N1,20260208,154.0,399.0,4.2,16905
590,B08CF3D7QR,20260208,154.0,339.0,4.3,13391
591,B08CF4SCNP,20260208,299.0,599.0,3.8,3066
592,B08CFCK6CW,20260208,1199.0,7999.0,3.6,25910
593,B08CFJBZRK,20260208,3249.0,6295.0,3.8,14062
594,B08CGW4GYR,20260208,375.0,999.0,3.6,1988
595,B08CHKQ8D4,20260208,719.0,1499.0,4.1,1045
596,B08CHZ3ZQ7,20260208,599.0,799.0,4.3,15790
597,B08CKW1KH9,20260208,204.0,599.0,3.6,339
598,B08CNLYKW5,20260208,1699.0,3398.0,3.8,7988
599,B08CRRQK6Z,20260208,4999.0,12499.0,4.2,4541
600,B08CS3BT4L,20260208,9999.0,12999.0,4.2,6088
601,B08CT62BM1,20260208,299.0,999.0,4.3,2651
602,B08CTNJ985,20260208,325.0,999.0,4.3,2651
603,B08CTQP51L,20260208,379.0,1499.0,4.2,4149
604,B08CYNJ5KY,20260208,828.0,861.0,4.2,4567
605,B08CYPB15D,20260208,717.0,761.0,4.0,7199
606,B08CZHGHKH,20260208,499.0,1399.0,3.9,1462
607,B08D11DZ2W,20260208,1499.0,8999.0,3.7,28324
608,B08D64C9FN,20260208,575.0,2799.0,4.2,8537
609,B08D6RCM3Q,20260208,355.0,899.0,4.1,1051
610,B08D75R3Z1,20260208,299.0,1900.0,3.6,18202
611,B08D77XZX5,20260208,599.0,2499.0,3.9,58162
612,B08D9MNH4B,20260208,5899.0,7005.0,3.6,4199
613,B08D9NDZ1Y,20260208,3999.0,4332.96,3.5,21762
614,B08DCVRW98,20260208,209.0,499.0,4.0,479
615,B08DDRGWTJ,20260208,229.0,299.0,4.3,30411
616,B08DPLCM6T,20260208,13490.0,21990.0,4.3,11976
617,B08F47T4X5,20260208,89.0,89.0,4.2,19621
618,B08FB2LNSZ,20260208,1499.0,2999.0,3.7,87798
619,B08FD2VSD9,20260208,24990.0,51990.0,4.2,2951
620,B08FGNPQ9X,20260208,1199.0,2999.0,4.1,10725
621,B08FN6WGDQ,20260208,4790.0,15990.0,4.0,4390
622,B08FTFXNNB,20260208,499.0,1999.0,3.7,3369
623,B08FY4FG5X,20260208,649.0,2499.0,3.9,13049
624,B08FYB5HHK,20260208,1199.0,1999.0,4.5,22420
625,B08G1RW2Q3,20260208,299.0,799.0,4.0,151
626,B08G28Z33M,20260208,399.0,699.0,4.0,37817
627,B08G43CCLC,20260208,218.0,999.0,4.2,163
628,B08G8H8DPL,20260208,3249.0,6375.0,4.0,4978
629,B08GJ57MKL,20260208,14400.0,59900.0,4.4,3837
630,B08GJNM9N7,20260208,299.0,1199.0,3.7,490
631,B08GM5S4CQ,20260208,6990.0,14290.0,4.4,1771
632,B08GSQXLJ2,20260208,6199.0,10400.0,4.1,14391
633,B08GTYFC37,20260208,10389.0,32000.0,4.4,41398
634,B08GYG6T12,20260208,449.0,800.0,4.4,69585
635,B08H21B6V7,20260208,2599.0,2999.0,3.9,14266
636,B08H5L8V1L,20260208,379.0,1099.0,4.3,3049
637,B08H673XKN,20260208,3249.0,7795.0,4.2,4664
638,B08H6B3G96,20260208,3349.0,3995.0,4.3,1954
639,B08H6CZSHT,20260208,2903.0,3295.0,4.3,2299
640,B08H9Z3XQW,20260208,455.0,1490.0,4.1,161677
641,B08HD7JQHX,20260208,199.0,499.0,3.3,2804
642,B08HDCWDXD,20260208,3179.0,6999.0,4.0,743
643,B08HDH26JX,20260208,299.0,699.0,4.2,94363
644,B08HDJ86NZ,20260208,329.0,699.0,4.2,94364
645,B08HF4W2CT,20260208,1599.0,3499.0,4.0,36384
646,B08HLC7Z3G,20260208,1182.0,2995.0,4.2,5178
647,B08HLZ28QC,20260208,1199.0,3490.0,4.1,11716
648,B08HQL67D6,20260208,599.0,599.0,4.0,26423
649,B08HV25BBQ,20260208,1499.0,4999.0,4.0,92588
650,B08HV83HL3,20260208,2049.0,2199.0,4.3,178912
651,B08HVJCW95,20260208,1149.0,2199.0,4.3,178912
652,B08HVL8QN3,20260208,1149.0,2199.0,4.3,178912
653,B08J4PL1Z3,20260208,699.0,1490.0,4.0,5736
654,B08J7VCT12,20260208,6999.0,14999.0,4.1,1728
655,B08J82K4GX,20260208,10099.0,19110.0,4.3,2623
656,B08JD36C6H,20260208,349.0,450.0,4.1,18656
657,B08JKPVDKL,20260208,279.0,699.0,4.3,2326
658,B08JMC1988,20260208,999.0,2490.0,4.1,18331
659,B08JQN8DGZ,20260208,1299.0,2990.0,3.8,180998
660,B08JV91JTK,20260208,474.0,1299.0,4.1,550
661,B08JW1GVS7,20260208,2179.0,3999.0,4.0,8380
662,B08K36NZSV,20260208,499.0,999.0,4.3,1436
663,B08K4PSZ3V,20260208,349.0,999.0,3.8,16557
664,B08K4RDQ71,20260208,349.0,999.0,3.8,16557
665,B08K9PX15C,20260208,849.0,1499.0,4.0,7352
666,B08KDBLMQP,20260208,1290.0,2500.0,4.0,6530
667,B08KHM9VBJ,20260208,2099.0,3250.0,3.8,11213
668,B08KRMK9LZ,20260208,2025.0,5999.0,4.2,6233
669,B08KS2KQTK,20260208,293.0,499.0,4.1,1456
670,B08L12N5H1,20260208,2099.0,2499.0,0.0,992
671,B08L4SBJRY,20260208,349.0,1299.0,4.0,3295
672,B08L5FM4JC,20260208,649.0,2400.0,4.4,67260
673,B08L5HMJVW,20260208,369.0,700.0,4.4,67259
674,B08L7J3T31,20260208,379.0,919.0,4.0,1090
675,B08L879JSN,20260208,6299.0,13750.0,4.2,2014
676,B08LHTJTBB,20260208,599.0,1999.0,4.4,4736
677,B08LKS3LSP,20260208,345.0,999.0,3.7,1097
678,B08LPJZSSW,20260208,399.0,995.0,3.9,21372
679,B08LT9BMPP,20260208,1495.0,1995.0,4.5,10541
680,B08LVVTGZK,20260208,929.0,1300.0,3.9,1672
681,B08LW31NQ6,20260208,1439.0,2890.0,4.5,4099
682,B08M66K48D,20260208,299.0,599.0,4.3,4674
683,B08MC57J31,20260208,1499.0,2499.0,4.3,15970
684,B08MCD9JFY,20260208,799.0,1999.0,3.8,12958
685,B08MTCKDYN,20260208,119.0,299.0,4.1,5999
686,B08MTLLSL8,20260208,399.0,1290.0,4.2,76042
687,B08MV82R99,20260208,653.0,1020.0,4.1,3366
688,B08MVSGXMY,20260208,1498.0,2300.0,3.8,95
689,B08MVXPTDG,20260208,2590.0,4200.0,4.1,63
690,B08MWJTST6,20260208,279.0,1299.0,4.0,5072
691,B08MXJYB2V,20260208,2449.0,3390.0,4.0,5206
692,B08MZNT7GP,20260208,12499.0,19825.0,4.1,322
693,B08MZQBFLN,20260208,849.0,4999.0,4.0,20457
694,B08N1WL9XW,20260208,182.0,599.0,4.0,9378
695,B08N6P8G5K,20260208,6790.0,10995.0,4.5,3192
696,B08NCKT9FG,20260208,299.0,798.0,4.4,28791
697,B08NW8GHCJ,20260208,389.0,999.0,4.3,838
698,B08P9RYPLR,20260208,129.0,249.0,4.0,9378
699,B08PFSZ7FH,20260208,299.0,1499.0,4.2,903
700,B08PKBMJKS,20260208,197.0,499.0,3.8,136
701,B08PPHFXG3,20260208,173.0,999.0,4.3,1237
702,B08PSQRW2T,20260208,399.0,1099.0,4.1,2685
703,B08PSVBB2X,20260208,399.0,1099.0,4.1,2685
704,B08PV1X771,20260208,15490.0,20900.0,4.3,16299
705,B08PZ6HZLT,20260208,8999.0,18999.0,4.0,6347
706,B08QDPB1SL,20260208,190.0,220.0,4.4,2866
707,B08QHLXWV3,20260208,6850.0,11990.0,3.9,144
708,B08QJJCY2Q,20260208,169.0,299.0,4.4,5176
709,B08QSC1XY8,20260208,389.0,1099.0,4.3,974
710,B08QSDKFGQ,20260208,339.0,1099.0,4.3,974
711,B08QW937WV,20260208,1448.0,2999.0,4.5,19
712,B08QX1CC14,20260208,7299.0,19125.0,3.4,902
713,B08R69VDHT,20260208,115.0,499.0,4.0,7732
714,B08R69WBN7,20260208,149.0,499.0,4.0,7732
715,B08RDWBYCQ,20260208,549.0,999.0,4.0,1313
716,B08RHPDNVV,20260208,235.0,599.0,3.5,197
717,B08RP2L2NL,20260208,347.0,999.0,3.5,1121
718,B08RWCZ6SY,20260208,399.0,899.0,3.9,254
719,B08RX8G496,20260208,655.0,1099.0,3.2,285
720,B08RZ12GKR,20260208,215.0,499.0,3.5,121
721,B08RZ5K9YH,20260208,999.0,1999.0,4.3,1777
722,B08S6RKT4L,20260208,2599.0,4290.0,4.4,2116
723,B08S74GTBT,20260208,799.0,1999.0,3.7,418
724,B08S7V8YTN,20260208,1199.0,3500.0,4.3,1802
725,B08SBH499M,20260208,649.0,1300.0,4.1,5195
726,B08SCCG9D4,20260208,949.0,2000.0,3.9,14969
727,B08SJVD8QD,20260208,379.0,389.0,4.2,3739
728,B08SKZ2RMG,20260208,475.0,999.0,4.1,1021
729,B08SMJT55F,20260208,1199.0,3990.0,4.2,2908
730,B08T8KWNQ9,20260208,1449.0,4999.0,3.6,63
731,B08TDJ5BVF,20260208,39.0,39.0,3.8,3344
732,B08TDJNM3G,20260208,59.0,59.0,3.8,5958
733,B08TGG316Z,20260208,999.0,2399.0,4.6,3664
734,B08TM71L54,20260208,3190.0,4195.0,4.0,1282
735,B08TR61BVK,20260208,299.0,1499.0,4.2,2868
736,B08TT63N58,20260208,499.0,2199.0,3.1,3527
737,B08TTRVWKY,20260208,1099.0,1899.0,4.3,1811
738,B08TV2P1N8,20260208,1399.0,3990.0,4.1,141841
739,B08TZD7FQN,20260208,299.0,599.0,3.7,708
740,B08V9C4B1J,20260208,349.0,999.0,4.3,838
741,B08VB2CMR3,20260208,15490.0,20990.0,4.2,32916
742,B08VB34KJ1,20260208,15490.0,20990.0,4.2,32916
743,B08VB57558,20260208,37990.0,74999.0,4.2,27790
744,B08VF8V79P,20260208,1075.0,1699.0,4.4,7462
745,B08VFF6JQ8,20260208,1219.0,1699.0,4.4,8891
746,B08VGDBF3B,20260208,395.0,499.0,4.0,330
747,B08VGFX2B6,20260208,177.0,199.0,4.1,3688
748,B08VGM3YMF,20260208,199.0,499.0,4.1,1996
749,B08VJFYH6N,20260208,948.0,1620.0,4.1,4370
750,B08VRMK55F,20260208,399.0,699.0,3.4,3454
751,B08VS3YLRK,20260208,529.0,1499.0,4.1,8599
752,B08W56G1K9,20260208,99.0,999.0,4.1,8751
753,B08W9BK4MD,20260208,351.0,899.0,3.9,296
754,B08WD18LJZ,20260208,249.0,600.0,4.0,1208
755,B08WJ86PV2,20260208,299.0,990.0,4.5,2453
756,B08WKCTFF3,20260208,899.0,1999.0,4.4,1667
757,B08WKFSN84,20260208,379.0,1099.0,4.3,2806
758,B08WKG2MWT,20260208,379.0,1099.0,4.3,2806
759,B08WLY8V9S,20260208,425.0,899.0,4.5,4219
760,B08WRBG3XW,20260208,199.0,499.0,4.1,13045
761,B08WRKSF9D,20260208,6499.0,8500.0,4.4,5865
762,B08WRWPM22,20260208,176.63,499.0,4.1,15189
763,B08WWKM5HQ,20260208,2599.0,4780.0,3.9,898
764,B08X77LM8C,20260208,99.0,999.0,3.8,594
765,B08XLR6DSB,20260208,721.0,1499.0,3.1,2449
766,B08XMG618K,20260208,225.0,499.0,4.1,789
767,B08XMSKKMM,20260208,799.0,1999.0,3.3,576
768,B08XNL93PL,20260208,1399.0,2999.0,4.3,3530
769,B08XXF5V6G,20260208,29999.0,50999.0,4.4,1712
770,B08XXVXP3J,20260208,249.0,999.0,4.3,112
771,B08Y1SJVV5,20260208,99.0,666.66,3.9,24871
772,B08Y1TFSP6,20260208,149.0,1000.0,3.9,24871
773,B08Y55LPBF,20260208,32999.0,44999.0,4.2,45238
774,B08Y57TPDM,20260208,116.0,200.0,4.3,485
775,B08Y5KXR6Z,20260208,99.0,800.0,3.9,24871
776,B08Y5QJTVK,20260208,116.0,200.0,4.4,357
777,B08Y5QJXSR,20260208,3569.0,5190.0,4.3,28629
778,B08Y7MXFMK,20260208,1099.0,1499.0,4.2,2375
779,B08YD264ZS,20260208,999.0,2499.0,4.3,1690
780,B08YDFX7Y1,20260208,299.0,449.0,3.5,11827
781,B08YK7BBD2,20260208,429.0,999.0,3.0,617
782,B08YRMBK9R,20260208,3249.0,6299.0,3.9,2569
783,B08YXJJW8H,20260208,247.0,399.0,3.9,200
784,B08ZHYNTM1,20260208,2899.0,4005.0,4.3,7140
785,B08ZJDWTJ1,20260208,4098.0,4999.0,4.5,50810
786,B08ZN4B121,20260208,539.0,1599.0,3.8,14648
787,B08ZXZ362Z,20260208,1563.0,3098.0,3.5,2283
788,B09127FZCK,20260208,299.0,899.0,3.8,425
789,B0912WJ87V,20260208,2339.0,4000.0,3.8,1118
790,B09163Q5CD,20260208,1187.0,1929.0,4.1,1662
791,B091JF2TFD,20260208,499.0,1299.0,3.9,1173
792,B091KNVNS9,20260208,368.0,699.0,4.1,1240
793,B091V8HK8Z,20260208,1345.0,1750.0,3.8,2466
794,B0926V9CTV,20260208,89.0,599.0,4.3,2351
795,B092BJMT8Q,20260208,30990.0,52900.0,4.3,7109
796,B092BL5DCX,20260208,45999.0,69900.0,4.3,7109
797,B092JHPL72,20260208,251.0,999.0,3.7,3234
798,B092R48XXB,20260208,18999.0,29999.0,4.1,2536
799,B092X94QNQ,20260208,1499.0,3990.0,4.1,109864
800,B093QCY6YJ,20260208,290.0,349.0,3.7,1977
801,B093ZNQZ2Y,20260208,249.0,799.0,3.8,1079
802,B0941392C8,20260208,129.0,449.0,3.7,41
803,B09474JWN6,20260208,999.0,1500.0,4.2,386
804,B0949FPSFY,20260208,799.0,1999.0,4.1,2162
805,B0949SBKMP,20260208,1799.0,6990.0,4.0,26880
806,B094DQWV9B,20260208,149.0,399.0,4.0,1540
807,B094G9L9LT,20260208,999.0,1950.0,3.8,305
808,B094JB13XL,20260208,2499.0,5999.0,4.1,38879
809,B094JNXNPV,20260208,299.0,399.0,4.0,2766
810,B094QZLJQ6,20260208,5799.0,7999.0,4.5,50273
811,B094YFFSMY,20260208,399.0,1999.0,4.0,3382
812,B095244Q22,20260208,252.0,999.0,3.7,2249
813,B095JPKPH3,20260208,61999.0,69999.0,4.1,6753
814,B095JQVC7N,20260208,42999.0,59999.0,4.1,6753
815,B095K14P86,20260208,599.0,1299.0,4.2,590
816,B095PWLLY6,20260208,1804.0,2380.0,4.0,15382
817,B095RTJH1M,20260208,999.0,2899.0,4.6,26603
818,B095X38CJS,20260208,99.0,99.0,4.3,388
819,B095XCRDQW,20260208,950.0,1599.0,4.3,5911
820,B096MSW6CT,20260208,199.0,1899.0,3.9,7928
821,B096NTB9XT,20260208,15999.0,24500.0,4.0,11206
822,B096TWZRJC,20260208,499.0,1899.0,4.1,1475
823,B096VF5YYF,20260208,2999.0,7990.0,4.1,48449
824,B096YCN3SD,20260208,549.0,1000.0,3.6,1074
825,B0971DWFDT,20260208,337.0,699.0,4.2,4969
826,B0972BQ2RS,20260208,2499.0,9999.0,4.1,42139
827,B0974G5Q2Y,20260208,273.1,999.0,4.3,20850
828,B0974H97TJ,20260208,299.0,799.0,4.4,28791
829,B0977CGNJJ,20260208,5999.0,11495.0,4.3,534
830,B0978V2CP6,20260208,1990.0,3100.0,4.0,897
831,B097C564GC,20260208,294.0,4999.0,4.3,4426
832,B097JQ1J5G,20260208,179.0,499.0,3.4,9385
833,B097JVLW3L,20260208,2699.0,3500.0,3.5,621
834,B097MKZHNV,20260208,2949.0,4849.0,4.2,7968
835,B097R25DP7,20260208,1599.0,4999.0,4.0,67951
836,B097R2V1W8,20260208,2599.0,5890.0,4.1,21783
837,B097R3XH9R,20260208,6299.0,15270.0,4.1,3233
838,B097R45BH8,20260208,5499.0,13150.0,4.2,6398
839,B097R4D42G,20260208,4999.0,9650.0,4.2,1772
840,B097RJ867P,20260208,8799.0,11595.0,4.4,2981
841,B097RN7BBK,20260208,479.0,1999.0,3.4,1066
842,B097XJQZ8H,20260208,2464.0,6000.0,4.1,8866
843,B097ZQTDVZ,20260208,399.0,899.0,3.4,431
844,B0981XSZJ7,20260208,299.0,999.0,4.3,766
845,B0989W6J2F,20260208,1595.0,1799.0,4.0,2877
846,B098JYT4SY,20260208,399.0,1190.0,4.1,2809
847,B098K3H92Z,20260208,599.0,899.0,4.3,95116
848,B098LCVYPW,20260208,349.0,999.0,4.2,513
849,B098NS6PVG,20260208,199.0,349.0,4.0,43994
850,B098QXR9X2,20260208,2499.0,2999.0,4.1,3156
851,B098R25TGC,20260208,1299.0,2999.0,3.8,14629
852,B098T9CJVQ,20260208,210.0,699.0,3.7,74
853,B098TV3L96,20260208,349.0,1999.0,3.8,197
854,B09939XJX8,20260208,354.0,1500.0,4.0,1026
855,B0993BB11X,20260208,999.0,1599.0,4.0,7222
856,B0994GFWBH,20260208,139.0,999.0,4.0,1313
857,B0994GP1CX,20260208,115.0,999.0,3.3,5692
858,B099FDW2ZF,20260208,1235.0,1499.0,4.1,203
859,B099K9ZX65,20260208,20990.0,44990.0,4.1,1259
860,B099PR2GQJ,20260208,649.0,999.0,3.8,49
861,B099S26HWG,20260208,300.0,300.0,4.2,419
862,B099SD8PRP,20260208,579.0,1090.0,4.4,3482
863,B099Z83VRC,20260208,1052.0,1790.0,4.3,1404
864,B09B125CFJ,20260208,349.0,799.0,3.6,323
865,B09B9SPC7F,20260208,499.0,1299.0,4.1,2740
866,B09BCNQ9R2,20260208,139.0,499.0,4.2,4971
867,B09BF8JBWX,20260208,1055.0,1249.0,3.8,2352
868,B09BL2KHQW,20260208,231.0,260.0,4.1,490
869,B09BN2NPBD,20260208,1699.0,3495.0,4.1,14371
870,B09BNXQ6BR,20260208,2799.0,6499.0,4.1,38879
871,B09BVCVTBC,20260208,2649.0,3499.0,4.5,1271
872,B09BW2GP18,20260208,129.0,1000.0,3.9,295
873,B09BW334ML,20260208,349.0,1499.0,4.3,4145
874,B09C635BMM,20260208,349.0,999.0,4.0,839
875,B09C6FML9B,20260208,320.0,599.0,4.1,491
876,B09C6H53KH,20260208,368.0,699.0,4.2,387
877,B09C6HWG18,20260208,970.0,1999.0,4.2,462
878,B09C6HXFC1,20260208,970.0,1799.0,4.5,815
879,B09CGLY5CX,20260208,1959.0,2400.0,4.0,237
880,B09CKSYBLR,20260208,999.0,1499.0,4.1,1646
881,B09CMM3VGK,20260208,179.0,499.0,4.0,1934
882,B09CMP1SC8,20260208,199.0,499.0,4.1,602
883,B09CMQRQM6,20260208,499.0,899.0,4.2,919
884,B09CTRPSJR,20260208,217.0,237.0,3.8,7354
885,B09CTWFV5W,20260208,7199.0,9995.0,4.4,1964
886,B09CYTJV3N,20260208,4499.0,5999.0,4.3,44696
887,B09DDCQFMT,20260208,1299.0,1999.0,3.6,590
888,B09DG9VNWB,20260208,12000.0,29999.0,4.3,4744
889,B09DL9978Y,20260208,2399.0,4590.0,4.1,444
890,B09DSQXCM8,20260208,299.0,499.0,3.9,1015
891,B09DSXK8JX,20260208,10499.0,19499.0,4.2,1510
892,B09F3PDDRF,20260208,349.0,999.0,3.9,817
893,B09F5Z694W,20260208,8349.0,9625.0,3.8,3652
894,B09F6D21BY,20260208,790.0,1999.0,3.0,103
895,B09F6KL23R,20260208,1414.0,2799.0,4.0,1498
896,B09F6S8BT6,20260208,13490.0,22900.0,4.3,16299
897,B09F6VHQXB,20260208,7390.0,20000.0,4.1,2581
898,B09F9YQQ7B,20260208,13999.0,24999.0,4.2,45238
899,B09FFK1PQG,20260208,873.0,1699.0,4.4,1680
900,B09FHHTL8L,20260208,85.0,199.0,4.1,212
901,B09FKDH6FS,20260208,7499.0,7999.0,4.0,30907
902,B09FPP3R1D,20260208,1624.0,2495.0,4.1,827
903,B09FZ89DK6,20260208,5999.0,9999.0,4.2,1191
904,B09G2VTHQM,20260208,587.0,1295.0,4.1,557
905,B09G5TSGXV,20260208,254.0,799.0,4.0,2905
906,B09GB5B4BK,20260208,599.0,899.0,4.0,4018
907,B09GBBJV72,20260208,1409.0,2199.0,3.9,427
908,B09GFLXVH9,20260208,6499.0,8499.0,4.1,313836
909,B09GFM8CGS,20260208,6499.0,7999.0,4.1,313832
910,B09GFN8WZL,20260208,378.0,999.0,4.1,1779
911,B09GFPN6TP,20260208,7499.0,9499.0,4.1,313832
912,B09GFPVD9Y,20260208,8499.0,10999.0,4.1,313836
913,B09GFWJDY1,20260208,499.0,1499.0,3.6,9169
914,B09GP6FBZT,20260208,299.0,999.0,4.3,8891
915,B09GYBZPHF,20260208,1149.0,2499.0,3.8,4383
916,B09H34V36W,20260208,1349.0,2495.0,3.8,166
917,B09H39KTTB,20260208,213.0,499.0,3.7,246
918,B09H3BXWTK,20260208,599.0,2799.0,3.9,578
919,B09H7JDJCW,20260208,2999.0,3595.0,4.0,178
920,B09HCH3JZG,20260208,699.0,1899.0,4.4,390
921,B09HK9JH4F,20260208,199.0,399.0,4.2,1335
922,B09HN7LD5L,20260208,1850.0,4500.0,4.0,184
923,B09HQSV46W,20260208,21999.0,29999.0,4.2,32840
924,B09HS1NDRQ,20260208,390.0,799.0,3.8,287
925,B09HSKYMB3,20260208,7915.0,9999.0,4.3,1376
926,B09HV71RL1,20260208,719.0,1499.0,4.1,1045
927,B09J2MM5C6,20260208,279.0,1499.0,4.2,2646
928,B09J2QCKKM,20260208,1499.0,3500.0,4.1,303
929,B09J2SCVQT,20260208,1969.0,5000.0,4.1,4927
930,B09J4YQYX3,20260208,1399.0,2290.0,4.4,461
931,B09JFR8H3Q,20260208,215.0,1499.0,3.9,1004
932,B09JKNF147,20260208,339.0,1999.0,4.0,343
933,B09JN37WBX,20260208,319.0,749.0,4.6,124
934,B09JPC82QC,20260208,19999.0,34999.0,4.3,27151
935,B09JS562TP,20260208,1399.0,1630.0,4.0,9378
936,B09JS94MBV,20260208,1399.0,1630.0,4.0,9378
937,B09JSW16QD,20260208,848.99,1490.0,3.9,356
938,B09KGV7WSV,20260208,2099.0,5999.0,4.3,17129
939,B09KH58JZR,20260208,210.0,399.0,4.1,1717
940,B09KLVMZ3B,20260208,159.0,399.0,4.1,4768
941,B09KNMLH4Y,20260208,398.0,1999.0,4.1,257
942,B09KPXTZXN,20260208,949.0,1999.0,4.0,1679
943,B09KRHXTLN,20260208,1069.0,1699.0,3.9,313
944,B09L835C3V,20260208,199.0,399.0,4.2,1335
945,B09L8DSSFH,20260208,399.0,999.0,3.6,493
946,B09L8DT7D6,20260208,205.0,499.0,3.8,313
947,B09LD3116F,20260208,2490.0,3990.0,4.1,3606
948,B09LH32678,20260208,899.0,1999.0,4.0,832
949,B09LHXNZLR,20260208,199.0,499.0,3.7,612
950,B09LHYZ3GJ,20260208,16999.0,20999.0,4.1,31822
951,B09LHZSMRR,20260208,16999.0,20999.0,4.1,31822
952,B09LJ116B5,20260208,16999.0,20999.0,4.1,31822
953,B09LMMFW3S,20260208,229.0,399.0,3.6,451
954,B09LQH3SD9,20260208,999.0,2000.0,3.8,1163
955,B09LQQYNZQ,20260208,4699.0,4699.0,4.5,224
956,B09LRZYBH1,20260208,2299.0,3999.0,3.8,282
957,B09LV13JFB,20260208,399.0,999.0,3.3,23
958,B09LV1CMGH,20260208,899.0,2000.0,3.6,291
959,B09M3F4HGB,20260208,9495.0,18990.0,4.2,79
960,B09M869Z5V,20260208,570.0,999.0,4.2,3201
961,B09M8888DM,20260208,499.0,799.0,4.3,2125
962,B09MB3DKG1,20260208,2199.0,3999.0,3.5,340
963,B09MDCZJXS,20260208,1199.0,5499.0,3.8,2043
964,B09MFR93KS,20260208,3041.67,5999.0,4.0,777
965,B09MJ77786,20260208,31999.0,49999.0,4.3,21252
966,B09MKG4ZCM,20260208,1565.0,2999.0,4.0,11113
967,B09MKP344P,20260208,8499.0,12999.0,4.1,6662
968,B09MM6P76N,20260208,349.0,599.0,4.2,284
969,B09MMD1FDN,20260208,349.0,699.0,3.9,214
970,B09MQ9PDHR,20260208,979.0,1999.0,3.9,157
971,B09MQSCJQ1,20260208,2299.0,7990.0,4.2,69622
972,B09MT6XSFW,20260208,599.0,1899.0,4.3,140036
973,B09MT84WV5,20260208,1149.0,3999.0,4.3,140036
974,B09MT94QLL,20260208,1999.0,4775.0,4.2,1353
975,B09MTLG4TP,20260208,453.0,999.0,4.3,610
976,B09MY4W73Q,20260208,474.0,1799.0,4.3,1454
977,B09MZ6WZ6V,20260208,499.0,999.0,4.4,1030
978,B09MZCQYHZ,20260208,999.0,1599.0,4.0,7222
979,B09N3BFP4M,20260208,5499.0,11500.0,3.9,959
980,B09N3ZNHTY,20260208,1499.0,4490.0,3.9,136954
981,B09N6TTHT6,20260208,89.0,99.0,4.2,241
982,B09NBZ36F7,20260208,2089.0,4000.0,4.2,11199
983,B09NC2TY11,20260208,2499.0,5999.0,4.1,5852
984,B09ND94ZRG,20260208,1099.0,5999.0,3.5,12966
985,B09NFSHCWN,20260208,1149.0,1899.0,3.5,24
986,B09NHVCHS9,20260208,59.0,199.0,4.0,9378
987,B09NJN8L25,20260208,59.0,199.0,4.0,9378
988,B09NKZXMWJ,20260208,139.0,249.0,4.0,9378
989,B09NL4DCXK,20260208,249.0,599.0,3.9,2147
990,B09NL4DJ2Z,20260208,139.0,249.0,4.0,9377
991,B09NL7LBWT,20260208,1099.0,1999.0,4.0,604
992,B09NNGHG22,20260208,32990.0,56790.0,4.3,567
993,B09NNHFSSF,20260208,1999.0,4700.0,3.8,1880
994,B09NNJ9WYM,20260208,10990.0,19990.0,3.7,129
995,B09NNZ1GF7,20260208,445.0,999.0,4.3,229
996,B09NR6G588,20260208,1199.0,4999.0,3.8,14961
997,B09NS5TKPN,20260208,42990.0,75990.0,4.3,3231
998,B09NTHQRW3,20260208,1999.0,2499.0,4.1,1034
999,B09NVPJ3P4,20260208,1999.0,3999.0,4.0,30254
1000,B09NVPSCQT,20260208,1599.0,3999.0,4.0,30254
1001,B09NY6TRXG,20260208,8499.0,11999.0,3.9,276
1002,B09NY7W8YD,20260208,7998.0,11999.0,3.8,125
1003,B09P182Z2H,20260208,3290.0,5799.0,4.3,168
1004,B09P18XVW6,20260208,2499.0,4999.0,3.9,7571
1005,B09P1MFKG1,20260208,998.0,2999.0,4.6,9
1006,B09P22HXH6,20260208,1890.0,5490.0,4.1,10976
1007,B09P564ZTJ,20260208,235.0,1599.0,3.8,1173
1008,B09P858DK8,20260208,489.0,1999.0,4.0,3626
1009,B09P8M18QM,20260208,1369.0,2999.0,3.3,227
1010,B09PDZNSBG,20260208,2575.0,6700.0,4.2,611
1011,B09PL79D2X,20260208,1598.0,2990.0,3.8,11015
1012,B09PLD9TCD,20260208,26999.0,42999.0,4.2,1510
1013,B09PLFJ7ZW,20260208,1999.0,4999.0,3.9,7571
1014,B09PNKXSKF,20260208,1999.0,3990.0,4.0,30254
1015,B09PNR6F8Q,20260208,249.0,399.0,4.0,6558
1016,B09PTT8DZF,20260208,417.44,670.0,3.9,523
1017,B09Q3M3WLJ,20260208,399.0,1499.0,4.0,691
1018,B09Q5P2MT3,20260208,24999.0,31999.0,4.2,34899
1019,B09Q5SWVBJ,20260208,15999.0,21999.0,4.2,34899
1020,B09Q8HMKZX,20260208,263.0,699.0,4.1,450
1021,B09Q8WQ5QJ,20260208,249.0,499.0,4.1,1508
1022,B09QGZFBPM,20260208,399.0,999.0,4.3,2806
1023,B09QGZM8QB,20260208,399.0,999.0,4.3,2806
1024,B09QS8V5N8,20260208,12999.0,17999.0,4.1,50772
1025,B09QS9CWLV,20260208,12999.0,18999.0,4.1,50772
1026,B09QS9X16F,20260208,12999.0,18999.0,4.1,50772
1027,B09QS9X9L8,20260208,12999.0,18999.0,4.1,50772
1028,B09R1YFL6S,20260208,1090.0,2999.0,3.5,57
1029,B09R83SFYV,20260208,1484.0,2499.0,3.7,1067
1030,B09RF2QXGX,20260208,69.0,299.0,4.3,255
1031,B09RFB2SJQ,20260208,499.0,1899.0,4.1,412
1032,B09RFC46VP,20260208,26999.0,42999.0,4.2,45238
1033,B09RKFBCV7,20260208,1999.0,7999.0,4.2,31305
1034,B09RMQYHLH,20260208,12999.0,15999.0,4.2,13246
1035,B09RQRZW2X,20260208,499.0,899.0,3.7,185
1036,B09RWQ7YR6,20260208,46999.0,69999.0,4.3,21252
1037,B09RWZRCP1,20260208,399.0,999.0,4.1,1780
1038,B09RX1FK54,20260208,399.0,999.0,4.1,1780
1039,B09RZS1NQT,20260208,199.0,999.0,4.0,576
1040,B09SB6SJB4,20260208,129.0,599.0,4.1,265
1041,B09SDDQQKP,20260208,1799.0,3295.0,3.8,687
1042,B09SFRNKSR,20260208,298.0,499.0,4.4,290
1043,B09SGGRKV8,20260208,199.0,499.0,3.6,2492
1044,B09SJ1FTYV,20260208,199.0,1899.0,4.0,4740
1045,B09SPTNG58,20260208,1449.0,2349.0,3.9,9019
1046,B09SZ5TWHW,20260208,1547.0,2890.0,3.9,463
1047,B09T2S8X9C,20260208,22999.0,28999.0,3.9,25824
1048,B09T2WRLJJ,20260208,20999.0,26999.0,3.9,25824
1049,B09T37CKQ5,20260208,239.0,599.0,3.9,2147
1050,B09T39K9YL,20260208,19999.0,24999.0,3.9,25824
1051,B09T3H12GV,20260208,1399.0,2498.0,4.2,33717
1052,B09T3KB6JZ,20260208,18990.0,40990.0,4.2,6659
1053,B09TBCVJS3,20260208,5998.0,7999.0,4.2,30355
1054,B09TMZ1MF8,20260208,1709.0,4000.0,4.4,3029
1055,B09TP5KBN7,20260208,199.0,1099.0,4.0,3197
1056,B09TT6BFDX,20260208,399.0,1999.0,4.5,505
1057,B09TWH8YHM,20260208,16999.0,24999.0,4.1,22318
1058,B09TWHTBKQ,20260208,18499.0,25999.0,4.1,22318
1059,B09TY4MSH3,20260208,1289.0,2499.0,3.3,73
1060,B09V12K8NT,20260208,1499.0,6990.0,3.9,21797
1061,B09V175NP7,20260208,1499.0,6990.0,3.9,21796
1062,B09V17S2BG,20260208,1499.0,6990.0,3.9,21796
1063,B09V2PZDX8,20260208,1299.0,1599.0,4.0,128311
1064,B09V2Q4QVQ,20260208,1299.0,1599.0,4.0,128311
1065,B09VC2D2WG,20260208,469.0,1499.0,4.1,352
1066,B09VCHLSJF,20260208,29999.0,39999.0,4.2,7298
1067,B09VGKFM7Y,20260208,219.0,499.0,4.4,14
1068,B09VGS66FV,20260208,1349.0,1850.0,4.4,638
1069,B09VH568H7,20260208,119.0,299.0,3.8,51
1070,B09VKWGZD7,20260208,4789.0,8990.0,4.3,1017
1071,B09VL9KFDB,20260208,2399.0,4200.0,3.8,397
1072,B09VPH38JS,20260208,697.0,1499.0,3.8,144
1073,B09VT6JKRP,20260208,199.0,999.0,4.1,425
1074,B09VZBGL1N,20260208,99.0,499.0,4.1,2451
1075,B09W5XR9RT,20260208,970.0,1999.0,4.4,184
1076,B09W9V2PXG,20260208,759.0,1999.0,4.3,532
1077,B09WF4Q7B3,20260208,1799.0,2599.0,3.6,771
1078,B09WMTJPG7,20260208,2599.0,4400.0,4.1,14947
1079,B09WN3SRC7,20260208,77990.0,139900.0,4.7,5935
1080,B09WRMNJ9G,20260208,34999.0,38999.0,4.2,11029
1081,B09X1M3DHX,20260208,9999.0,27990.0,4.2,1269
1082,B09X5C9VLK,20260208,1299.0,3500.0,3.8,44050
1083,B09X5HD5T1,20260208,229.0,499.0,3.5,185
1084,B09X76VL5L,20260208,1599.0,3490.0,3.7,676
1085,B09X79PP8F,20260208,179.0,299.0,3.9,81
1086,B09X7DY7Q4,20260208,939.0,1800.0,4.5,205052
1087,B09XB1R2F3,20260208,179.0,799.0,3.5,132
1088,B09XB7DPW1,20260208,8999.0,11999.0,4.0,12796
1089,B09XB7SRQ5,20260208,8999.0,11999.0,4.0,12796
1090,B09XB8GFBQ,20260208,8999.0,11999.0,4.0,12796
1091,B09XBJ1CTN,20260208,649.0,999.0,4.2,1315
1092,B09XHXXCFH,20260208,3685.0,5495.0,4.1,290
1093,B09XJ1LM7R,20260208,399.0,799.0,4.3,12
1094,B09XJ5LD6L,20260208,23999.0,32999.0,3.9,8866
1095,B09XRBJ94N,20260208,2092.0,4600.0,4.3,562
1096,B09XTQFFCG,20260208,2669.0,3199.0,3.9,260
1097,B09XX51X2G,20260208,449.0,999.0,4.0,2102
1098,B09XXZXQC1,20260208,26999.0,37999.0,4.6,2886
1099,B09Y14JLP3,20260208,99.0,499.0,4.1,2451
1100,B09Y358DZQ,20260208,2033.0,4295.0,3.4,422
1101,B09Y5FZK9N,20260208,809.0,1545.0,3.7,976
1102,B09Y5MP7C4,20260208,1299.0,3499.0,3.9,12452
1103,B09YDFDVNS,20260208,1324.0,1699.0,4.0,128311
1104,B09YDFKJF8,20260208,1324.0,1699.0,4.0,128311
1105,B09YHLPQYT,20260208,246.0,600.0,4.2,143
1106,B09YL9SN9B,20260208,15990.0,23990.0,4.3,1035
1107,B09YLFHFDW,20260208,1599.0,2790.0,3.6,2272
1108,B09YLWT89W,20260208,9199.0,18000.0,4.0,16020
1109,B09YLX91QR,20260208,179.0,399.0,4.0,1423
1110,B09YLXYP7Y,20260208,179.0,399.0,4.0,1423
1111,B09YLYB9PB,20260208,149.0,399.0,4.0,1423
1112,B09YV3K34W,20260208,2199.0,9999.0,4.2,29472
1113,B09YV42QHZ,20260208,1499.0,7999.0,4.2,22638
1114,B09YV463SW,20260208,1499.0,9999.0,4.2,22638
1115,B09YV4MW2T,20260208,2199.0,9999.0,4.2,29478
1116,B09YV4RG4D,20260208,1499.0,7999.0,4.2,22638
1117,B09YV575RK,20260208,2499.0,9999.0,4.0,9090
1118,B09Z28BQZT,20260208,599.0,3999.0,3.9,1087
1119,B09Z6WH2N1,20260208,95.0,499.0,4.2,1949
1120,B09Z7YGV3R,20260208,269.0,699.0,4.0,93
1121,B09ZDVL7L8,20260208,2199.0,3895.0,3.9,1085
1122,B09ZHCJDP1,20260208,499.0,1000.0,5.0,23
1123,B09ZK6THRR,20260208,479.0,1000.0,4.2,1559
1124,B09ZPJT8B2,20260208,11990.0,31990.0,4.2,64
1125,B09ZPL5VYM,20260208,199.0,499.0,4.1,1786
1126,B09ZPM4C2C,20260208,10901.0,30990.0,4.1,398
1127,B09ZQK9X8G,20260208,2998.0,5999.0,4.1,5179
1128,B09ZTZ9N3Q,20260208,1049.0,1699.0,3.1,111
1129,B09ZVJXN5L,20260208,778.0,999.0,3.3,8
1130,B0B12K5BPM,20260208,1049.0,2299.0,3.9,1779
1131,B0B14MR9L1,20260208,16999.0,24999.0,4.1,22318
1132,B0B15CPR37,20260208,32990.0,47900.0,4.3,7109
1133,B0B15GSPQW,20260208,47990.0,70900.0,4.3,7109
1134,B0B16KD737,20260208,8499.0,15999.0,4.3,592
1135,B0B19VJXQZ,20260208,27900.0,59900.0,4.4,5298
1136,B0B1F6GQPS,20260208,999.0,4499.0,3.8,3390
1137,B0B1MDZV9C,20260208,2286.0,4495.0,3.9,326
1138,B0B1NX6JTN,20260208,1599.0,2599.0,4.3,1801
1139,B0B1YVCJ2Y,20260208,11499.0,19990.0,4.3,4703
1140,B0B1YY6JJL,20260208,23999.0,34990.0,4.3,4703
1141,B0B1YZ9CB8,20260208,32999.0,47990.0,4.3,4703
1142,B0B1YZX72F,20260208,27999.0,40990.0,4.3,4703
1143,B0B217Z5VK,20260208,1799.0,3999.0,3.9,3517
1144,B0B21C4BMX,20260208,228.0,899.0,3.8,132
1145,B0B21XL94T,20260208,21990.0,34990.0,4.3,1657
1146,B0B23LW7NV,20260208,999.0,2899.0,4.7,7779
1147,B0B244R4KB,20260208,999.0,2899.0,4.6,6129
1148,B0B25DJ352,20260208,353.0,1199.0,4.3,629
1149,B0B25LQQPC,20260208,3307.0,6100.0,4.3,2515
1150,B0B2931FCV,20260208,999.0,4199.0,3.5,1913
1151,B0B296NTFV,20260208,299.0,599.0,4.1,1597
1152,B0B298D54H,20260208,265.0,999.0,3.7,465
1153,B0B2C5MJN6,20260208,32990.0,54990.0,4.1,1555
1154,B0B2CPVXHX,20260208,379.0,1499.0,4.1,670
1155,B0B2CWRDB1,20260208,5999.0,9999.0,4.2,170
1156,B0B2CZTCL2,20260208,1299.0,1999.0,3.8,311
1157,B0B2DD66GS,20260208,1329.0,2900.0,4.5,19624
1158,B0B2DD8BQ8,20260208,2079.0,3099.0,4.1,282
1159,B0B2DJ5RVQ,20260208,689.0,1999.0,4.3,1193
1160,B0B2DJDCPX,20260208,209.0,499.0,3.9,536
1161,B0B2DZ5S6R,20260208,749.0,1299.0,4.0,119
1162,B0B2PQL5N3,20260208,230.0,999.0,4.2,1528
1163,B0B2RBP83P,20260208,37247.0,59890.0,4.0,323
1164,B0B2X35B1K,20260208,3999.0,6999.0,4.1,10229
1165,B0B31BYXQQ,20260208,1399.0,5499.0,3.9,9504
1166,B0B31FR4Y2,20260208,1999.0,9999.0,3.7,1986
1167,B0B3CPQ5PF,20260208,28999.0,28999.0,4.3,17415
1168,B0B3CQBRB4,20260208,28999.0,28999.0,4.3,17415
1169,B0B3D39RKV,20260208,33999.0,33999.0,4.3,17415
1170,B0B3DV7S9B,20260208,209.0,499.0,3.6,104
1171,B0B3G5XZN5,20260208,2799.0,3499.0,4.5,546
1172,B0B3JSWG81,20260208,199.0,999.0,3.1,2
1173,B0B3MMYHYW,20260208,32999.0,45999.0,4.2,7298
1174,B0B3MQXNFB,20260208,57.89,199.0,4.0,9378
1175,B0B3MWYCHQ,20260208,2999.0,9999.0,4.2,20881
1176,B0B3N7LR6K,20260208,3999.0,16999.0,4.3,17162
1177,B0B3N8VG24,20260208,88.0,299.0,4.0,9378
1178,B0B3NDPCS9,20260208,3999.0,17999.0,4.3,17161
1179,B0B3RHX6B6,20260208,149.0,399.0,3.9,57
1180,B0B3RRWSF6,20260208,1998.0,9999.0,4.3,27709
1181,B0B3RS9DNF,20260208,1999.0,9999.0,4.3,27704
1182,B0B3RSDSZ3,20260208,1999.0,9999.0,4.3,27696
1183,B0B3TBY2YX,20260208,1260.0,2299.0,4.3,55
1184,B0B3X2BY3M,20260208,3599.0,7299.0,4.0,10324
1185,B0B3XXSB1K,20260208,47990.0,79990.0,4.3,1376
1186,B0B3XY5YT4,20260208,30990.0,49990.0,4.3,1376
1187,B0B466C3G4,20260208,8990.0,18990.0,3.9,350
1188,B0B467CCB9,20260208,6999.0,16990.0,3.8,110
1189,B0B4DT8MKT,20260208,348.0,1499.0,4.2,656
1190,B0B4F1YC3J,20260208,13999.0,19499.0,4.1,18998
1191,B0B4F2TTTS,20260208,10999.0,14999.0,4.1,18998
1192,B0B4F2XCK3,20260208,12999.0,17999.0,4.1,18998
1193,B0B4F2ZWL3,20260208,12999.0,17999.0,4.1,18998
1194,B0B4F3QNDM,20260208,13999.0,19499.0,4.1,18998
1195,B0B4F4QZ1H,20260208,13999.0,19499.0,4.1,18998
1196,B0B4F52B5X,20260208,10999.0,14999.0,4.1,18998
1197,B0B4F5L738,20260208,13999.0,19499.0,4.1,18998
1198,B0B4G2MWSB,20260208,149.0,999.0,4.0,1313
1199,B0B4HJNPV4,20260208,199.0,999.0,3.9,1075
1200,B0B4HKH19N,20260208,249.0,931.0,3.9,1075
1201,B0B4KPCBSH,20260208,244.0,499.0,3.3,478
1202,B0B4PPD89B,20260208,79.0,79.0,4.0,97
1203,B0B4SJKRDF,20260208,239.0,239.0,4.3,7
1204,B0B4T6MR8N,20260208,89.0,800.0,3.9,1075
1205,B0B4T8RSJ1,20260208,99.0,800.0,3.9,1075
1206,B0B53DS4TF,20260208,4995.0,20049.0,4.8,3964
1207,B0B53NXFFR,20260208,1399.0,5999.0,3.3,4415
1208,B0B53QFZPY,20260208,1299.0,5999.0,3.3,4415
1209,B0B53QLB9H,20260208,1299.0,5999.0,3.3,4415
1210,B0B54Y2SNX,20260208,799.0,3990.0,3.8,119
1211,B0B56YRBNT,20260208,8999.0,13499.0,3.8,3145
1212,B0B59K1C8F,20260208,179.0,799.0,3.6,101
1213,B0B5B6PQCT,20260208,1999.0,7990.0,3.8,17833
1214,B0B5CGTBKV,20260208,1999.0,7990.0,3.8,17833
1215,B0B5D39BCD,20260208,1999.0,7990.0,3.8,17831
1216,B0B5DDJNH4,20260208,1999.0,7990.0,3.8,17831
1217,B0B5F3YZY4,20260208,449.0,1099.0,4.0,242
1218,B0B5GF6DQD,20260208,2499.0,5999.0,3.7,828
1219,B0B5GJRTHB,20260208,889.0,1999.0,4.2,2284
1220,B0B5KZ3C53,20260208,1599.0,2900.0,3.7,441
1221,B0B5LVS732,20260208,1898.0,4999.0,4.1,10689
1222,B0B5RP43VN,20260208,1474.0,4650.0,4.1,1045
1223,B0B5V47VK4,20260208,44999.0,49999.0,4.3,3075
1224,B0B5YBGCKD,20260208,150.0,599.0,4.3,714
1225,B0B5ZF3NRK,20260208,349.0,599.0,4.1,210
1226,B0B61DSF17,20260208,199.0,1999.0,3.7,2031
1227,B0B61GCHC1,20260208,199.0,999.0,4.3,87
1228,B0B61HYR92,20260208,199.0,999.0,4.2,85
1229,B0B65MJ45G,20260208,139.0,549.0,3.9,61
1230,B0B65P827P,20260208,128.31,549.0,3.9,61
1231,B0B694PXQJ,20260208,799.0,2999.0,4.5,63
1232,B0B6BLTGTT,20260208,2999.0,5999.0,4.1,7148
1233,B0B6F7LX4C,20260208,13999.0,24999.0,4.2,32840
1234,B0B6F8HHR6,20260208,24999.0,35999.0,4.2,32840
1235,B0B6F98KJJ,20260208,21999.0,29999.0,4.2,32840
1236,B0B72BSW7K,20260208,263.0,699.0,3.5,690
1237,B0B7B9V9QP,20260208,18999.0,35000.0,4.0,1001
1238,B0B7DHSKS7,20260208,3799.0,5299.0,3.5,1641
1239,B0B7FJNSZR,20260208,5395.0,19990.0,4.4,535
1240,B0B7L86YCB,20260208,161.0,300.0,2.6,24
1241,B0B7NWGXS6,20260208,2439.0,2545.0,4.1,25
1242,B0B82YGCF6,20260208,899.0,3499.0,3.0,681
1243,B0B84KSH3X,20260208,1049.0,1950.0,3.8,250
1244,B0B84QN4CN,20260208,660.0,1100.0,3.6,91
1245,B0B86CDHL1,20260208,349.0,899.0,4.5,149
1246,B0B8CB7MHW,20260208,426.0,999.0,4.1,222
1247,B0B8CHJLWJ,20260208,299.0,1199.0,4.5,596
1248,B0B8CXTTG3,20260208,16999.0,25999.0,4.2,32840
1249,B0B8SRZ5SV,20260208,949.0,1999.0,4.4,13552
1250,B0B8SSC5D9,20260208,949.0,1999.0,4.4,13552
1251,B0B8SSZ76F,20260208,799.0,1999.0,4.2,8583
1252,B0B8VQ7KDS,20260208,1299.0,2499.0,4.3,301
1253,B0B8XNPQPN,20260208,3599.0,7950.0,4.2,136
1254,B0B8ZKWGKD,20260208,893.0,1052.0,4.3,106
1255,B0B8ZM9RVV,20260208,419.0,999.0,4.4,227
1256,B0B8ZWNR5T,20260208,79.0,499.0,4.2,1949
1257,B0B935YNR7,20260208,1349.0,2999.0,3.8,441
1258,B0B94JPY2N,20260208,199.0,999.0,3.0,
1259,B0B97D658R,20260208,499.0,799.0,3.6,212
1260,B0B9959XF3,20260208,12499.0,22990.0,4.3,1611
1261,B0B997FBZT,20260208,35999.0,49990.0,4.3,1611
1262,B0B9BD2YL4,20260208,2599.0,6999.0,4.5,1526
1263,B0B9BXKBC7,20260208,1799.0,3999.0,4.6,245
1264,B0B9F9PT8R,20260208,1529.0,2999.0,3.3,29
1265,B0B9JZW1SQ,20260208,498.0,1200.0,3.2,113
1266,B0B9LDCX89,20260208,129.0,999.0,4.2,491
1267,B0B9RN5X8B,20260208,2699.0,4700.0,4.2,1296
1268,B0B9RZ4G4W,20260208,799.0,1699.0,4.0,97
1269,B0B9XLX8VR,20260208,37999.0,65000.0,4.3,3587
1270,B0B9XN9S3W,20260208,7999.0,14990.0,4.3,457
1271,B0BB3CBFBM,20260208,29990.0,65000.0,4.1,211
1272,B0BBFJ9M3X,20260208,13999.0,15999.0,3.9,2180
1273,B0BBFJLP21,20260208,13999.0,15999.0,3.9,2180
1274,B0BBLHTRM9,20260208,199.0,699.0,2.9,159
1275,B0BBMGLQDW,20260208,599.0,1999.0,4.2,47
1276,B0BBMPH39N,20260208,289.0,999.0,4.1,401
1277,B0BBN3WF7V,20260208,6499.0,8999.0,4.0,7807
1278,B0BBN4DZBD,20260208,6499.0,8999.0,4.0,7807
1279,B0BBN56J5H,20260208,6499.0,8999.0,4.0,7807
1280,B0BBVKRP7B,20260208,281.0,1999.0,2.8,87
1281,B0BBW521YC,20260208,99.0,999.0,4.4,305
1282,B0BBWJFK5C,20260208,4899.0,8999.0,4.1,297
1283,B0BC8BQ432,20260208,54990.0,85000.0,4.3,3587
1284,B0BC9BW512,20260208,18999.0,24990.0,4.3,4702
1285,B0BCKJJN8R,20260208,3599.0,7290.0,3.9,942
1286,B0BCKWZ884,20260208,547.0,2999.0,4.3,407
1287,B0BCVJ3PVP,20260208,499.0,1299.0,4.5,434
1288,B0BCYQY9X5,20260208,8499.0,16490.0,4.3,97
1289,B0BCZCQTJX,20260208,1434.0,3999.0,4.0,32
1290,B0BD3T6Z1D,20260208,12999.0,13499.0,4.1,56098
1291,B0BD92GDQH,20260208,4999.0,6999.0,3.8,758
1292,B0BDG6QDYD,20260208,899.0,1990.0,4.1,185
1293,B0BDRVFDKP,20260208,569.0,1000.0,4.4,67262
1294,B0BDS8MY8J,20260208,199.0,999.0,4.2,362
1295,B0BDYVC5TD,20260208,959.0,1800.0,4.4,67259
1296,B0BDYW3RN3,20260208,1989.0,3500.0,4.4,67260
1297,B0BDZWMGZ1,20260208,1199.0,2990.0,3.8,133
1298,B0BF4YBLPX,20260208,1799.0,19999.0,4.2,13937
1299,B0BF54972T,20260208,1799.0,19999.0,4.2,13937
1300,B0BF54LXW6,20260208,1799.0,19999.0,4.2,13937
1301,B0BF563HB4,20260208,1799.0,19999.0,4.2,13937
1302,B0BF57RN3K,20260208,1799.0,19999.0,4.2,13937
1303,B0BFBNXS94,20260208,669.0,1499.0,2.3,13
1304,B0BFWGBX61,20260208,199.0,349.0,4.1,314
1305,B0BG62HMDJ,20260208,499.0,775.0,4.3,74
1306,B0BGPN4GGH,20260208,1099.0,2400.0,3.8,4
1307,B0BGSV43WY,20260208,4499.0,7999.0,3.5,37
1308,B0BHNHMR3H,20260208,499.0,1299.0,3.9,65
1309,B0BHVPTM2C,20260208,398.0,1949.0,4.0,75
1310,B0BHYJ8CVF,20260208,1149.0,1499.0,4.1,10443
1311,B0BHYLCL19,20260208,193.0,399.0,3.6,37
1312,B0BHZCNC4P,20260208,1499.0,3999.0,3.7,37
1313,B0BJ6P3LSK,20260208,4999.0,24999.0,4.5,287
1314,B0BJ966M5K,20260208,4999.0,24999.0,4.6,124
1315,B0BJYSCWFQ,20260208,899.0,1999.0,4.2,39
1316,B0BK1K598K,20260208,678.0,1499.0,4.2,900
1317,B0BL11S5QK,20260208,1601.0,3890.0,4.2,156
1318,B0BL3R4RGS,20260208,649.0,999.0,3.6,4
1319,B0BLC2BYPX,20260208,499.0,1299.0,4.7,54
1320,B0BLV1GNLN,20260208,6490.0,9990.0,4.0,27
1321,B0BM4KTNL1,20260208,699.0,1599.0,4.7,1729
1322,B0BM9H2NY9,20260208,699.0,1599.0,4.7,2300
1323,B0BMFD94VD,20260208,199.0,499.0,3.3,12
1324,B0BMGB2TPR,20260208,9499.0,11999.0,4.2,284
1325,B0BMGB3CH9,20260208,9499.0,11999.0,4.2,284
1326,B0BMGG6NKT,20260208,10499.0,13499.0,4.2,284
1327,B0BMM7R92G,20260208,249.0,999.0,4.5,38
1328,B0BMTZ4T1D,20260208,784.0,1599.0,4.5,11
1329,B0BMVWKZ8G,20260208,1999.0,8499.0,4.3,240
1330,B0BMXMLSMM,20260208,199.0,999.0,4.5,127
1331,B0BMZ6SY89,20260208,899.0,1599.0,3.4,15
1332,B0BN2576GQ,20260208,469.0,1599.0,3.7,6
1333,B0BN6M3TCM,20260208,499.0,999.0,4.6,79
1334,B0BNDD9TN6,20260208,13990.0,28900.0,4.5,7
1335,B0BNDGL26T,20260208,499.0,2199.0,2.8,109
1336,B0BNDRK886,20260208,185.0,599.0,3.9,1306
1337,B0BNLFQDG2,20260208,929.0,2199.0,3.7,4
1338,B0BNQMF152,20260208,499.0,2199.0,3.7,53
1339,B0BNV7JM5Y,20260208,2999.0,7990.0,4.1,154
1340,B0BNVBJW2S,20260208,2499.0,7990.0,4.1,154
1341,B0BNXFDTZ2,20260208,2999.0,11999.0,4.4,768
1342,B0BP18W8TM,20260208,3999.0,9999.0,4.4,73
1343,B0BP7XLX48,20260208,399.0,1999.0,5.0,5
1344,B0BP89YBC1,20260208,1499.0,3500.0,4.7,2591
1345,B0BPBG712X,20260208,799.0,1199.0,4.4,17
1346,B0BPBXNQQT,20260208,799.0,1989.0,4.3,70
1347,B0BPCJM7TB,20260208,259.0,999.0,4.0,43
1348,B0BPJBTB3F,20260208,1299.0,2495.0,2.0,2
1349,B0BQ3K23Y1,20260208,279.0,499.0,4.8,28
1350,B0BQRJ3C47,20260208,249.0,999.0,5.0,
1351,B0BR4F878Q,20260208,1439.0,1999.0,4.8,53803
